מספר מפעל,שם מפעל,שירות ותפוקה נדרשים בחירום,שם רשות ייעודית אחראית,תחום פעילות של המפעל החיוני,טלפון במפעל,כתובת מפעל,שם יישוב
984300,"א.ע ביו אקולוגיה בע""מ",מתקן ארצי לפינוי פסולת מהחי,חקלאות,שונות,04-9069500,ד.נ אשרת,עין המפרץ
1100,משרד החקלאות מחוז גליל גולן  + לשכה וטרינרית ראש פינה,הנהלת מחוז + לשכה וטרינרית,חקלאות,"מינהלה ושו""ט (שירותים וטרינריים)",04-6816105,"ליד המועצה האזורית ג""ע",קרית שמונה
49200,משרד החקלאות מחוז העמקים + לשכה וטרינרית גלבוע,שירותי מטה מחוזיים + שירותים וטרינריים בלשכה,חקלאות,"מינהלה ושו""ט (שירותים וטרינריים)",04-6489106,מול קיבוץ תל יוסף,מ.א. הגלבוע
450001,משרד החקלאות מחוז שפלה והר + לשכה וטרינרית כנות,הנהלת מחוז  + לשכה וטרינרית,חקלאות,"מינהלה ושו""ט (שירותים וטרינריים)",08-9681555,דרך המכבים,ראשון לציון
450100,משרד החקלאות מחוז המרכז + לשכה וטרינרית חדרה,הנהלת מחוז + לשכה וטרינרית,חקלאות,"מינהלה ושו""ט (שירותים וטרינריים)",04-6303401,35     שמעוני דוד,חדרה
606800,משרד החקלאות מחוז הנגב + לשכה וטרינרית באר שבע,הנהלת מחוז + לשכה וטרינרית,חקלאות,"מינהלה ושו""ט (שירותים וטרינריים)",08-9920980,תחנת נסיונות,גילת
32800,בית חולים אלישע,בית חולים פרטי,רשות עליונה לאשפוז ובריאות,"בי""ח",04-8300006,"12     כ""ץ יאיר",חיפה
489700,"מדיקל סנטר בע""מ הרצליה",בית חולים פרטי,רשות עליונה לאשפוז ובריאות,"בי""ח",09-9592555,רמת-ים 7,הרצליה
260201,בית חולים אסותא השלום,אשפוז נפגעים,רשות עליונה לאשפוז ובריאות,"בי""ח",03-7643000,90     אלון יגאל,תל אביב-יפו
260202,בית חולים אסותא ראשון לציון,אשפוז נפגעים,רשות עליונה לאשפוז ובריאות,"בי""ח",03-7647074,13     מזל אליעזר,ראשון לציון
260203,בית חולים אסותא אשדוד,אשפוז נפגעים,רשות עליונה לאשפוז ובריאות,"בי""ח",08-7649524,106    דרך בגין מנחם,אשדוד
260204,בית חולים אסותא באר שבע,אשפוז נפגעים,רשות עליונה לאשפוז ובריאות,"בי""ח",08-7647074,11     שד רגר יצחק,באר שבע
260206,בית חולים אסותא חיפה,אשפוז נפגעים,רשות עליונה לאשפוז ובריאות,"בי""ח",03-7642674,55     שד ההסתדרות,חיפה
975700,"ש.ח. שינוע בע""מ-מטבחיים","1) שחיטה עגלים פרות וכבשים ואספקתם
2) שירותי הובלה למתקן הכילוי",חקלאות,בקר וחלב: בתי מטבחיים,04-8661644,1      אופיר,חיפה
266800,המרכז הקהילתי לבריאות הנפש יפו,מרכז אמבולטורי לחולי נפש,רשות עליונה לאשפוז ובריאות,"מרכז רפואי לברה""נ",03-5151111,5      הרבי מבכרך,תל אביב-יפו
89101,אסמי רות,אחסון גרעינים לקמח,חקלאות,מזון: מחסן,04-8404528,10     הקיטור,חיפה
342001,דגני רות,אחסון גרעינים לקמח,חקלאות,מזון: מחסן,08-9551420,1      עד הלום האודם,מ.א. באר טוביה
357200,"רמיד את בנימין בע""מ",אחסון גרעיני חיטה ומספוא,חקלאות,מזון: מחסן,03-5707143,68     מבצע קדש,בני ברק
357300,"שינטרקו בע""מ",אחסון גרעיני חיטה ומספוא,חקלאות,מזון: מחסן,03-7511004,53     התאנה,בית אלעזרי
825700,מחסני שינטרקו,אחסון גרעיני חיטה ומספוא,חקלאות,מזון: מחסן,,26     מנוחה,מנוחה
826100,"חברת בידוד בע""מ",אחסון גרעיני חיטה ומספוא,חקלאות,מזון: מחסן,04-8815220,17     השיש,חיפה
833200,"לוגוס בר נמל אשדוד בע""מ",אחסון גרעיני חיטה ומספוא,חקלאות,מזון: מחסן,072-2575604,דרך לסקוב,אשדוד
843600,"משק אילן  שבת בע""מ",אחסון גרעיני חיטה ומספוא,חקלאות,מזון: מחסן,08-6100448,,שפיר
859100,"ביתן ניסים ובניו בע""מ",אחסון גרעיני חיטה ומספוא,חקלאות,מזון: מחסן,08-9933120,ד.נ הנגב 81,יושיביה
868900,גורן העמק,אחסון גרעיני חיטה ומספוא,חקלאות,מזון: מחסן,04-6048500,צומת כפר ברוך,מגדל העמק
999200,"עמרם יצחק בע""מ",אחסון גרעיני חיטה ומספוא,חקלאות,מזון: מחסן,08-8600133,המגל 63,מנוחה
999500,אורן יוסף מושב גבעתי,אחסון גרעיני חיטה ומספוא,חקלאות,מזון: מחסן,08-8551849,משק 85,גבעתי
999600,דיזנגוף סחר-מחסנים לוגיסטיים,אחסון גרעיני חיטה ומספוא,חקלאות,מזון: מחסן,04-8725115,7      הדגן,חיפה
36900,"מרכז רפואי לברה""נ מעלה כרמל","בי""ח פסיכיאטרי 228 מיטות",רשות עליונה לאשפוז ובריאות,"מרכז רפואי לברה""נ",04-8559240,,טירת הכרמל
37200,"בית חולים נוה שלוה בע""מ","בי""ח פסיכיאטרי   400 מיטות",רשות עליונה לאשפוז ובריאות,"מרכז רפואי לברה""נ",04-6378358,אזור תעשיה,פרדס חנה-כרכור
267300,מרכז לבריאות הנפש לב השרון,"בי""ח לחולי נפש - 280 מיטות",רשות עליונה לאשפוז ובריאות,"מרכז רפואי לברה""נ",09-8981111,,מ.א. לב השרון
269600,שלוותה - מרכז לבריאות הנפש,בית חולים פסיכיאטרי 120 מיטות,רשות עליונה לאשפוז ובריאות,"מרכז רפואי לברה""נ",09-7478555,עלית הנוער,הוד השרון
270100,מרכז לבריאות הנפש גהה,בית חולים פסיכיאטרי 166 מיטות,רשות עליונה לאשפוז ובריאות,"מרכז רפואי לברה""נ",03-9258258,1      הלסינקי,פתח תקוה
270400,מרכז רפואי מאוחד באר-יעקב,"מרכז פסיכיאטרי, אשפוז ותחנות",רשות עליונה לאשפוז ובריאות,"מרכז רפואי לברה""נ",08-9258423,דרך חיים,באר יעקב
518800,המרכז המשולב כ.שאול,150 מאושפזים,רשות עליונה לאשפוז ובריאות,"מרכז רפואי לברה""נ",02-5705111,גבעת שאול,ירושלים
520300,המרכז המשולב איתנים,170 מאושפזים,רשות עליונה לאשפוז ובריאות,"מרכז רפואי לברה""נ",02-6521144,ד.נ. צפון יהודה,איתנים
628600,המרכז לבריאות הנפש באר שבע,394 מיטות פסיכיאטרי+60 גריאטרי,רשות עליונה לאשפוז ובריאות,"מרכז רפואי לברה""נ",08-6401401,2      הצדיק מירושלים,באר שבע
103100,"עמיר דגן חברה לשיווק(☐(1996בע""מ","יצור מזון , תערובת לבעלי חיים",חקלאות,"מזון לבע""ח: מכון תערובת",04-8419963,10     מתחם האיצטדיון,חיפה
185000,"מכון תערובת ""אסם הגליל""",מזון לבעלי חיים,חקלאות,"מזון לבע""ח: מכון תערובת",04-9807637,ד.נ. גליל מערבי,גורן
189300,מכון תערובת כפר יהושע,"ייצור מזון, תערובת לבעלי חיים",חקלאות,"מזון לבע""ח: מכון תערובת",073-3246094,,כפר יהושע
458300,"מכון תערובת י. בראון ובניו בע""מ",ייצור מזון לבעלי חיים,חקלאות,"מזון לבע""ח: מכון תערובת",09-7406206,אזור תעשייה,כפר סבא
292600,שרותים וטרינריים מטה,שרותים וטרינריים-חקלאות,חקלאות,"מינהלה ושו""ט (שירותים וטרינריים)",03-9681677,"הקריה החקלאית, דרך המכבים",ראשון לציון
37000,"המרכז הרפואי לברה""נ מזור",תכנון ל-514 מיטות,רשות עליונה לאשפוז ובריאות,"מרכז רפואי לברה""נ",04-9559625,2      דוכיפת,עכו
38500,"שער מנשה-מרכז רפואי לברה""נ","בי""ח פסיכיאטרי  420 מיטות",רשות עליונה לאשפוז ובריאות,"מרכז רפואי לברה""נ",04-6278816,,שער מנשה
270200,המרכז לבריאות הנפש אברבנאל,בית חולים לחולי נפש 301 מיטות,רשות עליונה לאשפוז ובריאות,"מרכז רפואי לברה""נ",03-5552626,15     קרן קימת לישראל,בת ים
103401,צמח תערובת,"יצור מזון , תערובת לבעלי חיים",חקלאות,"מזון לבע""ח: מכון תערובת",04-6755556,צמח עמק הירדן,מרכז אזורי צמח
91200,"החברה לפיתוח הגליל בע""מ",ניהול המשק החקלאי באזור אצבע הגליל,חקלאות,"מינהלה: אגש""ח",04-6816667,"בנין מועצה אזורית ג""ע",קרית שמונה
91300,מפעלי העמק אגודה שתופית מרכזית,ניהול המשק החקלאי באזור עמק יזראעל,חקלאות,"מינהלה: אגש""ח",04-6544777,אזור תעשיה תחתון,מגדל העמק
103000,מפעלי גרנות אגודה שתופית חקלאי,ניהול המשק החקלאי באזור עמק חפר,חקלאות,"מינהלה: אגש""ח",04-6321605,"מפעלי גרנות, ד.נ. חפר",מרכז אזורי גרנות
103200,"מילואות  בע""מ",ניהול המשק החקלאי באזור גליל מערב,חקלאות,"מינהלה: אגש""ח",04-9853110,"ד.נ,אשרת",א.ת. מילואות
103400,"צמח שרותים וניהול אגש""ח בע""מ",ניהול המשק החקלאי באזור בית שאן,חקלאות,"מינהלה: אגש""ח",04-6755520,"צמח, עמק הירדן",מרכז אזורי צמח
489201,"מאל""ה בריאות העטין ואיכות החלב",בדיקת איכות החלב הגולמי לפני שליחתו למחלבה,חקלאות,משק החלב: מעבדה,04-6274477,20     ברקת,קיסריה
33600,בית חולים איטלקי-חיפה,"בי""ח כללי וקליטת נפגעים 86 מיט",רשות עליונה לאשפוז ובריאות,"בי""ח",04-8514294,106    שד המגינים,חיפה
267400,"אפק בריאות  בע""מ",טיפול בדיאליזה 9 יחידות ארציות,רשות עליונה לאשפוז ובריאות,דיאליזה,03-6190626,32     דרך בן גוריון דוד,רמת גן
267401,"א.פ.ק. בריאות בע""מ אשקלון",טיפול בדיאליזה,רשות עליונה לאשפוז ובריאות,דיאליזה,08-6726719,3      הרצל,אשקלון
267402,"א.פ.ק. בריאות בע""מ ירושלים",טיפול בדיאליזה,רשות עליונה לאשפוז ובריאות,דיאליזה,02-6523294,3      עם ועולמו,ירושלים
267403,"א.פ.ק. בריאות בע""מ קרית גת",טיפול בדיאליזה,רשות עליונה לאשפוז ובריאות,דיאליזה,08-6880839,2      חשון,קרית גת
267404,"א.פ.ק. בריאות בע""מ רמלה",טיפול בדיאליזה,רשות עליונה לאשפוז ובריאות,דיאליזה,08-9292213,10     קלוזנר,רמלה
267405,"א.פ.ק. בריאות בע""מ בת ים",טיפול בדיאליזה 15 מיטות,רשות עליונה לאשפוז ובריאות,דיאליזה,03-5089665,9      ברדיצב אבא,בת ים
497600,"נפרומור והכליה ש. רפואה בע""מ",מתן שרותי דיאליזה בקהילה,רשות עליונה לאשפוז ובריאות,דיאליזה,03-7408007,7      קרליבך,תל אביב-יפו
497601,"נפרומור בע""מ סניף נצרת",מתן שרותי דיאליזה בקהילה,רשות עליונה לאשפוז ובריאות,דיאליזה,04-6001398,ביח החולים הצרפתי,נצרת
497602,"ש.ד. נפרומור בע""מ",מתן שרותי דיאליזה בקהילה,רשות עליונה לאשפוז ובריאות,דיאליזה,03-9562666,2      פרנק צבי,ראשון לציון
497603,"נפרומור בע""מ  סניף עפולה",מתן שרותי דיאליזה בקהילה,רשות עליונה לאשפוז ובריאות,דיאליזה,04-6523467,1      חנקין יהושע,עפולה
497604,"נפרומור בע""מ  סניף קרית ים",מתן שרותי דיאליזה בקהילה,רשות עליונה לאשפוז ובריאות,דיאליזה,04-8775570,29     אלי כהן,קרית ים
497605,"נפרומור בע""מ  סניף כרמיאל",מתן שרותי דיאליזה בקהילה,רשות עליונה לאשפוז ובריאות,דיאליזה,04-9588281,19     היוצרים,כרמיאל
497606,"נפרומור בע""מ  סניף מחניים",מתן שרותי דיאליזה בקהילה,רשות עליונה לאשפוז ובריאות,דיאליזה,04-6933144,קבוץ מחניים,מחניים
497607,"נפרומור בע""מ  סניף קרית אתא",מתן שרותי דיאליזה בקהילה,רשות עליונה לאשפוז ובריאות,דיאליזה,04-8400527,16     התעשיה,קרית אתא
497608,"נפרומור בע""מ  סניף קידמת חיפה",מתן שרותי דיאליזה בקהילה,רשות עליונה לאשפוז ובריאות,דיאליזה,04-8580854,1      אתגר,טירת הכרמל
497609,"נפרומור בע""מ  סניף נוף הגפן",מתן שרותי דיאליזה בקהילה,רשות עליונה לאשפוז ובריאות,דיאליזה,04-8521344,4      הגפן,חיפה
497610,"נפרומור בע""מ  סניף שפרעם",מתן שרותי דיאליזה בקהילה,רשות עליונה לאשפוז ובריאות,דיאליזה,04-9861838,א.ת.שפרעם בנין אדוארד,שפרעם
497611,"נפרומור בע""מ  סניף נתיבות",מתן שרותי דיאליזה בקהילה,רשות עליונה לאשפוז ובריאות,דיאליזה,08-9930651,"10     ד""ר סמלו יוסף",נתיבות
497612,"נפרומור בע""מ  סניף באר שבע",מתן שרותי דיאליזה בקהילה,רשות עליונה לאשפוז ובריאות,דיאליזה,08-6281393,3      יחיל חיים,באר שבע
497613,"נפרומור בע""מ  סניף אשדוד",מתן שרותי דיאליזה בקהילה,רשות עליונה לאשפוז ובריאות,דיאליזה,08-8568408,יצחק שדה,אשדוד
497614,"נפרומור בע""מ סניף הרצליה",מתן שרותי דיאליזה בקהילה,רשות עליונה לאשפוז ובריאות,דיאליזה,09-9507878,רביבים,הרצליה
497615,"נפרומור בע""מ סניף בורוכוב-גנים",מתן שרותי דיאליזה בקהילה,רשות עליונה לאשפוז ובריאות,דיאליזה,03-6767695,9      קפלן,רמת גן
497616,"נפרומור בע""מ   סניף אבן יהודה",מתן שרותי דיאליזה בקהילה,רשות עליונה לאשפוז ובריאות,דיאליזה,09-8912054,41     המיסדים,אבן יהודה
497617,הכליה שירותי רפואה בית הנסיכה,מתן שרותי דיאליזה בקהילה,רשות עליונה לאשפוז ובריאות,דיאליזה,03-6138082,143    ביאליק,רמת גן
497618,הכליה שירותי רפואה בית הרופא,מתן שרותי דיאליזה בקהילה,רשות עליונה לאשפוז ובריאות,דיאליזה,02-6464340,7      שטראוס,ירושלים
497619,הכליה שירותי רפואה סניף תלפיות,מתן שרותי דיאליזה בקהילה,רשות עליונה לאשפוז ובריאות,דיאליזה,02-6719298,43     גנרל קניג פייר,ירושלים
497620,הכליה שירותי רפואה ס.משגב לדך,מתן שרותי דיאליזה בקהילה,רשות עליונה לאשפוז ובריאות,דיאליזה,02-5667107,27     חזקיהו המלך,ירושלים
497621,הכליה שירותי רפואה סניף הרצוג,מתן שרותי דיאליזה בקהילה,רשות עליונה לאשפוז ובריאות,דיאליזה,02-6512391,דרך הר המנוחות,ירושלים
497622,הכליה שירותי רפואה סניף צרעה,מתן שרותי דיאליזה בקהילה,רשות עליונה לאשפוז ובריאות,דיאליזה,02-9908874,ד.נ.שמשון  30899,צרעה
497623,הכליה שירותי רפואה ס.הר הצופים,מתן שרותי דיאליזה בקהילה,רשות עליונה לאשפוז ובריאות,דיאליזה,02-5820941,שד צרציל,ירושלים
497624,"נפרומור בע""מ סניף פרדס חנה",מתן שרותי דיאליזה בקהילה,רשות עליונה לאשפוז ובריאות,דיאליזה,04-6271638,הנדיב,פרדס חנה-כרכור
497625,"נפרומור בע""מ סניף איילון",מתן שרותי דיאליזה בקהילה,רשות עליונה לאשפוז ובריאות,דיאליזה,03-6830959,11     הלוחמים,תל אביב-יפו
497626,"נפרומור בע""מ  סניף דימונה",מתן שרותי דיאליזה בקהילה,רשות עליונה לאשפוז ובריאות,דיאליזה,08-6550441,הרצל,דימונה
497627,"נפרומור בע""מ  סניף  טייבה",מתן שרותי דיאליזה בקהילה,רשות עליונה לאשפוז ובריאות,דיאליזה,09-9666470,מתחם בית הכוכבים,טייבה
497628,"נפרומור בע""מ  שומרת",מתן שרותי דיאליזה בקהילה,רשות עליונה לאשפוז ובריאות,דיאליזה,04-7708601,קבוץ שמרת,שמרת
497629,"נפרומור בע""מ  סניף רהט",מתן שרותי דיאליזה בקהילה,רשות עליונה לאשפוז ובריאות,דיאליזה,08-9788891,,רהט
222401,מגן דוד אדום סניף יפו,"מ ד""א אזור דן",רשות עליונה לאשפוז ובריאות,"מד""א: סניף",,"13     מזא""ה",תל אביב-יפו
222402,מגן דוד אדום סניף רמת גן,מ ד א אזור דן,רשות עליונה לאשפוז ובריאות,"מד""א: סניף",,הגילגל 24,רמת גן
35400,תל בר תעשיות למוסדות בריאות,35 טון כביסה ליום,רשות עליונה לאשפוז ובריאות,מכבסה,04-6594620,אזור תעשיה עליון,עפולה
277000,שרותי בריאות כללית-מינהל הספקה,"רכש ואספקה למוסדות קופ""ח כללית",רשות עליונה לאשפוז ובריאות,מערך לוגיסטי,03-7475131,3      רקפת,שוהם
277100,שראל-פתרונות לוגיסטיים לרפואה,"תרופות,ציוד רפואי ומשקי לבתי""ח",רשות עליונה לאשפוז ובריאות,מערך לוגיסטי,09-8922020,8      הגביש,נתניה
47200,המרכז הרפואי-שיקומי פלימן,אשפוז נפגעים 110 מטות,רשות עליונה לאשפוז ובריאות,"מר""ג",04-8307070,שניאור זלמן,חיפה
263800,בית חולים הרצפלד,בית חולים גריאטרי-שיקומי 219 מ,רשות עליונה לאשפוז ובריאות,"מר""ג",08-8595272,1      דרך ארץ,גדרה
483100,מרכז גריאטרי נווה עמית (מאוחדת,144 מאושפזים סיעודי,רשות עליונה לאשפוז ובריאות,"מר""ג",08-9445544,10     בשיסט מרדכי,רחובות
499700,"מרכז גריאטרי נאות המושבה בע""מ",בית חולים סיעודי ל-240 דיירים,רשות עליונה לאשפוז ובריאות,"מר""ג",08-9305305,6      הפטיש,נס ציונה
501800,בית חולים הוד עמל מעלה אדומים,215מיטות סיעודי מורכב וסעודי,רשות עליונה לאשפוז ובריאות,"מר""ג",02-5487555,5      השקמה,מעלה אדומים
822600,"מרכז גריאטרי נאות התיכון בע""מ","260 סיעודיים, 36 תשושי נפש",רשות עליונה לאשפוז ובריאות,"מר""ג",03-5073450,8      טולוז,תל אביב-יפו
874300,בית בלב-נשר-מרכז רפואי שיקומי,שיקום גריאטרי,רשות עליונה לאשפוז ובריאות,"מר""ג",073-2377377,11     דרך השלום,נשר
939600,"בית חולים בית בלב בע""מ","בי""ח שיקומי וגריאטרי",רשות עליונה לאשפוז ובריאות,"מר""ג",03-5008903,67     שד העצמאות,בת ים
402204,"טבע תעשיות פרמצבטיות בע""מ/סלא","יבוא תרופות והפצתן, טבע בעיקר",רשות עליונה לאשפוז ובריאות,תרופות,03-6864548,התאנה 1 פארק תעשייה,מ.א. חבל מודיעין
402209,"טבע תעשיות פרמצבטיות  מרלו""ג","מרלו""ג טבע החדש",רשות עליונה לאשפוז ובריאות,תרופות,,התאנה 1 פארק תעשייה,מ.א. חבל מודיעין
408300,טבע תעשיות פרמצבטיות מדיקל,"יצור שקיות, תמיסות ונוזלים",רשות עליונה לאשפוז ובריאות,תרופות,08-8510227,8      האורגים,אשדוד
47100,לשכת הבריאות נפת עכו,שרות רפואי,רשות עליונה לאשפוז ובריאות,לשכת בריאות: נפה,04-9955123,17     נוי דוד,עכו
47400,לשכת הבריאות נפת נצרת,לשכת בריאות נפתית,רשות עליונה לאשפוז ובריאות,לשכת בריאות: נפה,04-6557002,רח'   1/0011,נצרת
47500,לשכת הבריאות נפת יזרעאל,שרות רפואי,רשות עליונה לאשפוז ובריאות,לשכת בריאות: נפה,04-6099000,4      ירושלים,עפולה
47600,לשכת הבריאות נפת צפת,שרות רפואי,רשות עליונה לאשפוז ובריאות,לשכת בריאות: נפה,04-6994222,100    החלוץ,צפת
47800,לשכת הבריאות נפת כנרת,שרות רפואי,רשות עליונה לאשפוז ובריאות,לשכת בריאות: נפה,04-6710307,40     אלחדיף,טבריה
291117,מכבי שירותי בריאות - מ.מגה לאב,מעבדה מרכזית,רשות עליונה לאשפוז ובריאות,מעבדה,08-9311400,פארק המדע,רחובות
807300,‎ ‎מרכז רפואי שאלר‎‎‎‎‎‎‎‎‎‎‎‎‎‎‎‎‎‎‎‎‎‎‎‎‎‎‎‎,"מתן שירות רפואי בלילות ובסופ""ש, כולל יח' דיאליזה (16 עמדות)",רשות עליונה לאשפוז ובריאות,דיאליזה,,"8 ‎ ‎ח‎""‎הפלמ‎‎‎‎‎‎‎‎‎‎‎‎‎‎‎‎‎‎",ערד
525100,מושליון חמצן,"אספקת חמצן לבתים קופ""ח ובתי""ח",רשות עליונה לאשפוז ובריאות,"צר""פ",02-6730369,8      בית הדפוס,ירושלים
832000,"ויינמן ישראל בע""מ",אספקת תומכי נשימה וחמצן,רשות עליונה לאשפוז ובריאות,"צר""פ",08-9157877,המלאכה 6,לוד
290901,קופת חולים לאומית-לוגיסטיקה,מחסן אספקה מרכזי,רשות עליונה לאשפוז ובריאות,מערך לוגיסטי,076-8889150,23     שפרינצק,תל אביב-יפו
291001,מאוחדת מרכז לוגיסטי,מרכז לוגיסטי ומעבדות,רשות עליונה לאשפוז ובריאות,מערך לוגיסטי,08-9130334,5      לב פסח,לוד
291103,מכבי שירותי בריאות -מ. לוגיסטי,מרכז לוגיסטי ותרופות,רשות עליונה לאשפוז ובריאות,מערך לוגיסטי,08-9185720,5      בן הורקנוס אליעזר,לוד
629022,"קופת חולים כללית-פתחת שלום
קופת חולים כללית מרכז בריאות שלום",10 ישובים 1467 מבוטחים,רשות עליונה לאשפוז ובריאות,"קופ""ח: מרפאה",08-9985025, אבשלום. ד.נ. הנגב,אבשלום
628241,קופת חולים כללית-אופקים ב',"טיפול אמבולטורי 13,000 מבוטחים",רשות עליונה לאשפוז ובריאות,"קופ""ח: מרפאה",08-9927700,58     שד הרצל,אופקים
628245,"קופ""ח כללית חפץ חיים אופקים",שרות אמבולוטורי,רשות עליונה לאשפוז ובריאות,"קופ""ח: מרפאה",08/-9116222,51     חפץ חיים,אופקים
628308,קופת חולים מכבי מרפאת אופקים,טיפול אמבולטורי 8465 מבוטחים,רשות עליונה לאשפוז ובריאות,"קופ""ח: מרפאה",08-9960936,3      שד הרצל,אופקים
290246,מרפאת כללית אריאל,מרפאה,רשות עליונה לאשפוז ובריאות,"קופ""ח: מרפאה",03-9065200,4      בראון אורי,אריאל
291462,קופת חולים לאומית אריאל,מרפאה מקומית,רשות עליונה לאשפוז ובריאות,"קופ""ח: מרפאה",03-9065800,41     דרך הנחשונים,אריאל
291603,מרפאת מכבי אריאל,שרות אמבולטורי,רשות עליונה לאשפוז ובריאות,"קופ""ח: מרפאה",03-9065050,1      הערבה,אריאל
290630,מרפאת כללית אשדוד יא',שירות אמבולטורי,רשות עליונה לאשפוז ובריאות,"קופ""ח: מרפאה",08-8622300,31     כנרת,אשדוד
290631,מרפאת כללית אשדוד ג',שירות אמבולטורי,רשות עליונה לאשפוז ובריאות,"קופ""ח: מרפאה",08-8519400,4      שד עוזיהו,אשדוד
290632,מרפאת כללית אשדוד א',שירות אמבולטורי,רשות עליונה לאשפוז ובריאות,"קופ""ח: מרפאה",08-8513030,12     שבי ציון,אשדוד
290633,מרפאת כללית אשדוד סיטי הקרייה,שירות אמבולטורי,רשות עליונה לאשפוז ובריאות,"קופ""ח: מרפאה",08-8549666,1      הבנים,אשדוד
290634,מרפאת כללית אשדוד ד',שירות אמבולטורי,רשות עליונה לאשפוז ובריאות,"קופ""ח: מרפאה",08-8623200,19     ארן זלמן,אשדוד
290635,מרפאת כללית אשדוד ו',שירות אמבולטורי,רשות עליונה לאשפוז ובריאות,"קופ""ח: מרפאה",08-8624200,15     גור דב,אשדוד
292038,מרפאת מאוחדת אשדוד קרן היסוד,מרפאה,רשות עליונה לאשפוז ובריאות,"קופ""ח: מרפאה",08-8549777,8      קרן היסוד,אשדוד
628138,קופת חולים לאומית אשדוד רסקו,שרות אמבולטורי 9180 מבוטחים,רשות עליונה לאשפוז ובריאות,"קופ""ח: מרפאה",08-8687500,22     אחד העם,אשדוד
628143,קופת חולים לאומית אשדוד  אלמוג,"שרות אמבולטורי 4,600 מבוטחים",רשות עליונה לאשפוז ובריאות,"קופ""ח: מרפאה",08-8687600,71     כנרת,אשדוד
628144,קופת חולים לאומית אשדוד סיטי,"שרות אמבולטורי 3,150 מבוטחים",רשות עליונה לאשפוז ובריאות,"קופ""ח: מרפאה",08-8579800,7      דרך בגין מנחם,אשדוד
628334,קופת חולים מכבי אשדוד ד',,רשות עליונה לאשפוז ובריאות,"קופ""ח: מרפאה",08-8549549,12     השייטים,אשדוד
292028,מרפאת מאוחדת אשקלון נווה דקלים,מרפאה,רשות עליונה לאשפוז ובריאות,"קופ""ח: מרפאה",08-6701444,6      אקסודוס,אשקלון
292067,מרפאת מאוחדת אשקלון הגבורה,שרות אמבולטורי,רשות עליונה לאשפוז ובריאות,"קופ""ח: מרפאה",08-6741741,11     הגבורה,אשקלון
628123,לאומית שירותי בריאות אשקלון בית פרנק,"שרות אמבולטורי - 6,400 מבוטחים",רשות עליונה לאשפוז ובריאות,"קופ""ח: מרפאה",08-6790555,30     הרצל,אשקלון
628124,לאומית שירותי בריאות ברנע אפרידר,שרות אמבולטורי 2700 מבוטחים,רשות עליונה לאשפוז ובריאות,"קופ""ח: מרפאה",08-6747102,65     שד דרום אפריקה,אשקלון
628321,קופת חולים מכבי מרפאת הגבורה,טיפול אמבולטורי 20709 מבוטחים,רשות עליונה לאשפוז ובריאות,"קופ""ח: מרפאה",08-6747666,3      הגבורה,אשקלון
629031,קופת חולים כללית-ברנע אשקלון,"טיפול אמבולטורי 18,900 מבוטחים",רשות עליונה לאשפוז ובריאות,"קופ""ח: מרפאה",08-6748222,"יפתח הגלעדי 3, קומה 1, ברנע",אשקלון
629037,קופת חולים כללית-מ.בריאות הילד,טיפול אמבולטורי,רשות עליונה לאשפוז ובריאות,"קופ""ח: מרפאה",08-6830222,23     ההסתדרות,אשקלון
629041,קופת חולים כללית-אקדמיה אשקלון,טיפול אמבולטורי,רשות עליונה לאשפוז ובריאות,"קופ""ח: מרפאה",08-6772333,19     אלי כהן,אשקלון
292037,מרפאת מאוחדת באר שבע וינגייט,מרפאה,רשות עליונה לאשפוז ובריאות,"קופ""ח: מרפאה",08-6261555,63     וינגייט,באר שבע
628105,קופת חולים לאומית -בית עציון,"טיפול אמבולטורי - 10,000 מבוטח",רשות עליונה לאשפוז ובריאות,"קופ""ח: מרפאה",08-6268666,91     הרצל,באר שבע
628205,קופת חולים כללית-נווה זאב,"שרות אמבולטורי 2,264 מבוטחים",רשות עליונה לאשפוז ובריאות,"קופ""ח: מרפאה",08-9113222,30     יוהנה זבוטינסקי,באר שבע
628207,קופת חולים כללית-נחל עשן,"שרות אמבולטורי 2,200 מבוטחים",רשות עליונה לאשפוז ובריאות,"קופ""ח: מרפאה",08-6268222,6      חוה,באר שבע
628208,קופת חולים כללית-שכונה ט',"שרות אמבולטורי 8,239 מבוטחים",רשות עליונה לאשפוז ובריאות,"קופ""ח: מרפאה",08-6476222,29     שד ירושלים,באר שבע
628210,קופת חולים כללית-בן יאיר,"טיפול אמבולטורי 7,500 מבוטחים",רשות עליונה לאשפוז ובריאות,"קופ""ח: מרפאה",08-9110222,ביאליק 28,באר שבע
628212,קופת חולים כללית-פסגת רמות,"שרות אמבולטורי 2,800 מבוטחים",רשות עליונה לאשפוז ובריאות,"קופ""ח: מרפאה",08-6240222,הר כנען 4,באר שבע
628215,קופת חולים כללית-אורן ד' צפון,"שרות אמבולטורי 5,500 מבוטחים",רשות עליונה לאשפוז ובריאות,"קופ""ח: מרפאה",08-6241222,97     אברהם אבינו,באר שבע
628216,קופת חולים כללית-יסקי,"טיפול אמבולטורי 11,650 מבוטחים",רשות עליונה לאשפוז ובריאות,"קופ""ח: מרפאה",08-6407777,24     דוד המלך,באר שבע
628218,קופת חולים כללית-מצדה,"שרות אמבולטורי 12,073 מבוטחים",רשות עליונה לאשפוז ובריאות,"קופ""ח: מרפאה",08-6475222,5      מבצע עובדה,באר שבע
628219,קופת חולים כללית ה' באר שבע,"טיפול אמבולטורי 7,700 מבוטחים",רשות עליונה לאשפוז ובריאות,"קופ""ח: מרפאה",08-6424885,7      העליה,באר שבע
628220,קופת חולים כללית מרפאת שתל,"טיפול אמבולטורי 6,900 מבוטחים",רשות עליונה לאשפוז ובריאות,"קופ""ח: מרפאה",08-6254222,79     סמילנסקי,באר שבע
628228,קופת חולים כללית-שכונה יא,שירות אמבולטורי,רשות עליונה לאשפוז ובריאות,"קופ""ח: מרפאה",08-6475555,"18     רחבת השל""ה",באר שבע
628301,קופת חולים מכבי-מרכז רפואי נגב,טיפול אמבולטורי 29771 מבוטחים,רשות עליונה לאשפוז ובריאות,"קופ""ח: מרפאה",08-6267230,4      התקוה,באר שבע
628303,קופת חולים מכבי מרפאת נוה זאב,טיפול אמבולטורי,רשות עליונה לאשפוז ובריאות,"קופ""ח: מרפאה",08-6416622,יוהנה זבוטינסקי 30,באר שבע
46208,מרפאת כללית בית שאן ב',מרפאה ראשונית,רשות עליונה לאשפוז ובריאות,"קופ""ח: מרפאה",04-6061300,שיכון ד',בית שאן
46209,מרפאת כללית בית שאן ג',מרפאה ראשונית,רשות עליונה לאשפוז ובריאות,"קופ""ח: מרפאה",04-6061200,שכ אליהו,בית שאן
46241,שירותי בריאות כללית - מרכז בריאות בית שאן-מקצועית,מרפאה מקצועית,רשות עליונה לאשפוז ובריאות,"קופ""ח: מרפאה",04-6489300,112    הרצל,בית שאן
291459,קופת חולים לאומית רמת בית שמש ב',שירותי קהילה,רשות עליונה לאשפוז ובריאות,"קופ""ח: מרפאה",02-9939555,7      רבי יהודה הנשיא,בית שמש
291533,מכבי מרפאת קניון נעימי,שרות אמבולטורי,רשות עליונה לאשפוז ובריאות,"קופ""ח: מרפאה",02-9917587,15     דרך רבין יצחק,בית שמש
292119,מרפאת מאוחדת רמת בית שמש א',שרות אמבולטורי,רשות עליונה לאשפוז ובריאות,"קופ""ח: מרפאה",02-9903888,נחל צאלים 2,בית שמש
523265,שירותי בריאות כללית מרכז ביג,שירותי בריאות,רשות עליונה לאשפוז ובריאות,"קופ""ח: מרפאה",02-9937222,1      אלון יגאל,בית שמש
290201,מרפאת כללית בלומנטל,שרות אמבולטורי,רשות עליונה לאשפוז ובריאות,"קופ""ח: מרפאה",03-5779600,13     עלי הכהן,בני ברק
290202,מרפאת כללית אורית,שרות אמבולטורי,רשות עליונה לאשפוז ובריאות,"קופ""ח: מרפאה",03-5777200,83     רבי עקיבא,בני ברק
290426,מרפאת מאוחדת בני ברק,שרות אמבולטורי,רשות עליונה לאשפוז ובריאות,"קופ""ח: מרפאה",03-6159600,הרב יעקב לנדאו 4,בני ברק
291104,מכבי שירותי בריאות -  ר' עקיבא,"1) מרפאה קהילתית
2) בית מרקחת מכבי",רשות עליונה לאשפוז ובריאות,"קופ""ח: מרפאה",03-5771313,רבי עקיבא 86,בני ברק
291234,מרפאת מכבי ש.ב. כהנמן בני ברק,שרות אמבולטורי,רשות עליונה לאשפוז ובריאות,"קופ""ח: מרפאה",03-5771313,64     הרב כהנמן,בני ברק
46419,מרפאת כללית בני יהודה,מרפאה ראשונית,רשות עליונה לאשפוז ובריאות,"קופ""ח: מרפאה",04-6605500,מ.א. גולן,בני יהודה
290107,מרפאת כללית בת ימון,שרות אמבולטורי,רשות עליונה לאשפוז ובריאות,"קופ""ח: מרפאה",03-5556555,33     הרב ניסנבוים יצחק,בת ים
290108,מרפאת כללית רמת יוסף,שרות אמבולטורי,רשות עליונה לאשפוז ובריאות,"קופ""ח: מרפאה",03-5004600,3      סטרומה,בת ים
290111,מרפאת כללית השיקמה,שרות אמבולטורי,רשות עליונה לאשפוז ובריאות,"קופ""ח: מרפאה",03-5554848,23     השקמה,בת ים
290129,מרפאת כללית ארלוזורוב,מרפאת ארלוזורוב,רשות עליונה לאשפוז ובריאות,"קופ""ח: מרפאה",03-5002700,31     ארלוזורוב,בת ים
291510,מרפאת מכבי בת ים,שרות אמבולטורי,רשות עליונה לאשפוז ובריאות,"קופ""ח: מרפאה",03-5001212,37     כצנלסון ברל,בת ים
292045,מרפאת מאוחדת בת ים יוספטל,שרות אמבולטורי,רשות עליונה לאשפוז ובריאות,"קופ""ח: מרפאה",03-5003333,82     שד יוספטל גיורא,בת ים
628161,לאומית שירותי בריאות בת ים מלמדוביץ,"שרות אמבולטורי 1,500 מבוטחים",רשות עליונה לאשפוז ובריאות,"קופ""ח: מרפאה",03-5556900,3      מוכרי הסיגריות,בת ים
628312,קופת חולים מכבי מרפאת דימונה,טיפול אמבולטורי 7948 מבוטחים,רשות עליונה לאשפוז ובריאות,"קופ""ח: מרפאה",08-6509711,1      שד יגאל אלון,דימונה
628810,קופת חולים כללית-דימונה  א',טיפול אמבולטורי,רשות עליונה לאשפוז ובריאות,"קופ""ח: מרפאה",08-6820222,6      מצדה,דימונה
628811,קופת חולים כללית-דימונה ב',"טיפול אמבולטורי 10,600 מבוטחים",רשות עליונה לאשפוז ובריאות,"קופ""ח: מרפאה",08-6503131,1      ברנהיים,דימונה
628812,קופת חולים כללית-דימונה ד',"טיפול אמבולטורי 11,500 מבוטחים",רשות עליונה לאשפוז ובריאות,"קופ""ח: מרפאה",08-6503222,1      יציאת אירופה,דימונה
45921,קופת חולים מאוחדת סניף חדרה,מרפאה אזורית,רשות עליונה לאשפוז ובריאות,"קופ""ח: מרפאה",04-6240000,21     הרצל,חדרה
290756,מרפאת כללית אזורית,שרות אמבולטורי,רשות עליונה לאשפוז ובריאות,"קופ""ח: מרפאה",04-6327070,70     שד רוטשילד,חדרה
291624,מרפאת מכבי חדרה,שרות אמבולטורי,רשות עליונה לאשפוז ובריאות,"קופ""ח: מרפאה",04-6305613,13     הלל יפה,חדרה
291836,לאומית שירותי בריאות חדרה,מרפאה,רשות עליונה לאשפוז ובריאות,"קופ""ח: מרפאה",04-6126600,66     שד רוטשילד,חדרה
290116,מרפאת כללית פירברג,שרות אמבולטורי,רשות עליונה לאשפוז ובריאות,"קופ""ח: מרפאה",03-5020900,15     פיארברג,חולון
290125,מרפאת כללית קרית שרת,שרות אמבולטורי,רשות עליונה לאשפוז ובריאות,"קופ""ח: מרפאה",03-6505222,6      ששת הימים,חולון
292016,מרפאת מאוחדת חולון קוגל,שרות אמבולטורי,רשות עליונה לאשפוז ובריאות,"קופ""ח: מרפאה",03-5021414,45     שד קוגל,חולון
45001,מכבי - הדר הכרמל,מרפאה קהילתית,רשות עליונה לאשפוז ובריאות,"קופ""ח: מרפאה",04-8351111,73     הרצל,חיפה
45004,מכבי-מרפאת חיפה נוה שאנן,מרפאה קהילתית,רשות עליונה לאשפוז ובריאות,"קופ""ח: מרפאה",04-8290222,73     התיכון,חיפה
45918,קופת חולים מאוחדת-ארלוזורוב,מרפאה אזורית,רשות עליונה לאשפוז ובריאות,"קופ""ח: מרפאה",04-8621515,11     ארלוזורוב,חיפה
45934,קופת חולים מאוחדת-סניף אחוזה,מרפאה אזורית,רשות עליונה לאשפוז ובריאות,"קופ""ח: מרפאה",04-8117117,3      סמולנסקין,חיפה
45964,קופת חולים מאוחדת-סניף בית מאי,מרפאה אזורית,רשות עליונה לאשפוז ובריאות,"קופ""ח: מרפאה",04-8658555,5      חסן שוקרי,חיפה
56602,מרפאת כללית חיפה בונן,מרפאה קהילתית,רשות עליונה לאשפוז ובריאות,"קופ""ח: מרפאה",04-8117222,73     שד מוריה,חיפה
56603,מרפאת כללית חיפה בנימין רוממה,מרפאה קהילתית,רשות עליונה לאשפוז ובריאות,"קופ""ח: מרפאה",04-8244642,3      בובר מרטין,חיפה
56607,מרפאת כללית חיפה נוה דוד,מרפאה קהילתית,רשות עליונה לאשפוז ובריאות,"קופ""ח: מרפאה",04-8108300,10     דוד המלך,חיפה
56616,מרפאת כללית קרית אליהו,מרפאה ראשונית,רשות עליונה לאשפוז ובריאות,"קופ""ח: מרפאה",04-8141300,אל אידריסי 01,חיפה
45303,לאומית שרותי בריאות-טבריה,מרפאה קהילתית,רשות עליונה לאשפוז ובריאות,"קופ""ח: מרפאה",04-6727000,יוחנן בן זכאי ת.ד. 164,טבריה
45907,קופת חולים מאוחדת סניף טבריה,מרפאה אזורית,רשות עליונה לאשפוז ובריאות,"קופ""ח: מרפאה",04-6711700,1      אלחדיף,טבריה
46401,מרפאת כללית טבריה אזורית,מרפאה ראשונית,רשות עליונה לאשפוז ובריאות,"קופ""ח: מרפאה",04-6728200,"הירדן, פינת השילוח",טבריה
46402,מרפאת כללית טבריה רקתי מקצועית,מרפאה מקצועית,רשות עליונה לאשפוז ובריאות,"קופ""ח: מרפאה",04-6729555,1      החשמונאים,טבריה
46404,מרפאת כללית טבריה  שכון ד',מרפאה ראשונית,רשות עליונה לאשפוז ובריאות,"קופ""ח: מרפאה",04-667922,יצחק בן צבי,טבריה
291418,קופת חולים לאומית נווה יעקב,מרפאה מקומית,רשות עליונה לאשפוז ובריאות,"קופ""ח: מרפאה",02-5843888,6      הרב זווין,ירושלים
291425,קופת חולים לאומית ירושליים רב תחומי,מרפאה מקומית,רשות עליונה לאשפוז ובריאות,"קופ""ח: מרפאה",02-5675111,טרומפלדור,ירושלים
291514,מרפאת מכבי פסגת זאב,שרות אמבולטורי,רשות עליונה לאשפוז ובריאות,"קופ""ח: מרפאה",02-5940444,45     תורן חיים,ירושלים
291538,מרפאת מכבי רוטר,שרות אמבולטורי,רשות עליונה לאשפוז ובריאות,"קופ""ח: מרפאה",02-6238238,40     אגריפס,ירושלים
292105,מרפאת מאוחדת גילה,שרות אמבולטורי,רשות עליונה לאשפוז ובריאות,"קופ""ח: מרפאה",02-6468666,800    צביה ויצחק,ירושלים
523208,שירותי בריאות כללית מ.גונן ח',שרות אמבולטורי,רשות עליונה לאשפוז ובריאות,"קופ""ח: מרפאה",02-6499666,10     הנוטרים,ירושלים
523219,שירותי בריאות כללית שיח ג'רח,שרות אמבולטורי,רשות עליונה לאשפוז ובריאות,"קופ""ח: מרפאה",02-5893720,שייח גראח,ירושלים
523220,שירותי בריאות כללית נוה יעקב,שרות אמבולטורי,רשות עליונה לאשפוז ובריאות,"קופ""ח: מרפאה",02-5843222,רחוב לאה גולדברג 1/מרכז מסחרי נווה-יעקב -ירושלים,ירושלים
523222,שירותי בריאות כללית קופח גילה,שרות אמבולטורי,רשות עליונה לאשפוז ובריאות,"קופ""ח: מרפאה","
02-6469222",1      המור,ירושלים
523223,שירותי בריאות כללית  רמת אשכול,שרות אמבולטורי,רשות עליונה לאשפוז ובריאות,"קופ""ח: מרפאה",02-5889555,12     פארן,ירושלים
45904,קופת חולים מאוחדת סניף כרמיאל,מרפאה אזורית,רשות עליונה לאשפוז ובריאות,"קופ""ח: מרפאה",04-9087111,16     שד בית הכרם,כרמיאל
56502,מרפאת כללית כרמיאל חבצלת,מרפאה ראשונית,רשות עליונה לאשפוז ובריאות,"קופ""ח: מרפאה",04-9904300,2      החבצלת,כרמיאל
56530,מרפאת כללית כרמיאל רמת רבין,מרפאה ראשונית,רשות עליונה לאשפוז ובריאות,"קופ""ח: מרפאה",04-9087400,27     חטיבת גבעתי,כרמיאל
290622,מרפאת כללית לוד סנטר ראשונית,שירות אמבולטורי,רשות עליונה לאשפוז ובריאות,"קופ""ח: מרפאה",08-9770077,1      שד הציונות,לוד
291504,מרפאת מכבי לוד,שרות אמבולטורי+בית מרקחת,רשות עליונה לאשפוז ובריאות,"קופ""ח: מרפאה",08-9274111,31     שפירא חיים משה,לוד
628152,קופת חולים לאומית מרפאת לוד,"שרות אמבולטורי 3,450 מבוטחים",רשות עליונה לאשפוז ובריאות,"קופ""ח: מרפאה",08-9138800,5      אתרוג,לוד
628154,לאומית שירותי בריאות גני יער,שרות אמבולטורי,רשות עליונה לאשפוז ובריאות,"קופ""ח: מרפאה",08-9583555,14     האיילון,לוד
628280,קופת חולים כללית  מבועים,9 ישובים 2078 מבוטחים,רשות עליונה לאשפוז ובריאות,"קופ""ח: מרפאה",08-9932822,מרכז רפואי  מבועים (ליד המכולת),מבועים
291424,קופת חולים לאומית מודיעין,מרפאה מקומית,רשות עליונה לאשפוז ובריאות,"קופ""ח: מרפאה",08-9735222,29     עמק בית שאן,מודיעין
291539,מרפאת מכבי תלתן,שרות אמבולטורי,רשות עליונה לאשפוז ובריאות,"קופ""ח: מרפאה",08-9735666,8      תלתן,מודיעין
292068,מרפאת מאוחדת עזריאלי מודיעין,שרות אמבולטורי,רשות עליונה לאשפוז ובריאות,"קופ""ח: מרפאה",08-9737000,16     לב העיר,מודיעין
290626,כללית ש.ב.מ.מרכז-מרפאת רעות,בריאות הנפש רעות +מרפאה,רשות עליונה לאשפוז ובריאות,"קופ""ח: מרפאה",08-6308980,רעות,מכבים-רעות
56531,מרפאת כללית מורשת,מרפאה ראשונית,רשות עליונה לאשפוז ובריאות,"קופ""ח: מרפאה",04-8807555,ד.נ. משגב,מורשת
291405,קופת חולים לאומית מעלה אדומים,מרפאה מקומית,רשות עליונה לאשפוז ובריאות,"קופ""ח: מרפאה",02-6764607,1       הקרן,מעלה אדומים
292113,מרפאת מאוחדת קניון מעלה אדומים,שרות אמבולטורי,רשות עליונה לאשפוז ובריאות,"קופ""ח: מרפאה",02-5412111,5      דרך קדם,מעלה אדומים
523237,שירותי בריאות כללית מעלה אדומים,שרות אמבולטורי,רשות עליונה לאשפוז ובריאות,"קופ""ח: מרפאה",02-5359111,כיכר יהלום 1/מרכז מסחרי כיכר יהלום-מעלה אדומים,מעלה אדומים
46423,מרפאת כללית מרום גולן,,רשות עליונה לאשפוז ובריאות,"קופ""ח: מרפאה",04-6961487,מ.א. גולן,מרום גולן
629061,קופת חולים כללית-מרכז בריאות נהורה,,רשות עליונה לאשפוז ובריאות,"קופ""ח: מרפאה",08-6622222, ד.נ. לכיש דרום,נהורה
45011,מכבי-מרפאת נצרת עילית,מרפאה קהילתית,רשות עליונה לאשפוז ובריאות,"קופ""ח: מרפאה",04-6508888,14     מעלה יצחק,נצרת עילית
46301,מרפאת כללית נצרת עילית בן גוריון,מרפאה ראשונית,רשות עליונה לאשפוז ובריאות,"קופ""ח: מרפאה",04-6458555,"שכ בן גוריון, דרך החטיבות",נצרת עילית
46302,מרפאת כללית נצרת עילית דרום,מרפאה ראשונית,רשות עליונה לאשפוז ובריאות,"קופ""ח: מרפאה",04-6557444,"רחוב הגפן, ככר דדו",נצרת עילית
290422,מרפאת מאוחדת נתניה,שרות אמבולטורי,רשות עליונה לאשפוז ובריאות,"קופ""ח: מרפאה",09-8601333,20     סמילנסקי,נתניה
290726,מרפאת כללית מקצועית,מרפאה מקצועית,רשות עליונה לאשפוז ובריאות,"קופ""ח: מרפאה",09-8603569,8      רזיאל,נתניה
290730,מרפאת כללית אזורים,מרפאה,רשות עליונה לאשפוז ובריאות,"קופ""ח: מרפאה",09-8350555,2      קריניצי,נתניה
290731,מרפאת כללית בארי,מרפאה,רשות עליונה לאשפוז ובריאות,"קופ""ח: מרפאה",09-8627301,42     בארי,נתניה
291605,מרפאת מכבי נתניה,שרות אמבולטורי,רשות עליונה לאשפוז ובריאות,"קופ""ח: מרפאה",09-8605252,21     שד בנימין,נתניה
291810,לאומית שירותי בריאות נתניה לב העיר,מרפאה,רשות עליונה לאשפוז ובריאות,"קופ""ח: מרפאה",09-8607222,17     שטמפפר,נתניה
45017,מכבי-מרפאת עכו,מרפאה קהילתית,רשות עליונה לאשפוז ובריאות,"קופ""ח: מרפאה",04-9851111,דרך הארבעה 41,עכו
56517,מרפאת עכו עמידר - ש.ב.כ,מרפאה ראשונית,רשות עליונה לאשפוז ובריאות,"קופ""ח: מרפאה",04-9851300,42     בורלא,עכו
56519,מרפאת עכו קוטב הצפון - ש.ב.כ,מרפאה ראשונית,רשות עליונה לאשפוז ובריאות,"קופ""ח: מרפאה",04-9016300,24     שפירא משה חיים,עכו
628310,קופת חולים מכבי - ערד,שירות אמבולטורי,רשות עליונה לאשפוז ובריאות,"קופ""ח: מרפאה",08-99515115,13     שמעון,ערד
628815,קופת חולים כללית מרפאת ערד,"טיפול אמבולטורי 8,700 מבוטחים",רשות עליונה לאשפוז ובריאות,"קופ""ח: מרפאה",08-9550222,24     שד חן,ערד
628816,קופת חולים כללית-מרום ערד,טיפול אמבולטורי,רשות עליונה לאשפוז ובריאות,"קופ""ח: מרפאה",08-6683222,"שמיר 3, אזור תעשייה, תחנת פז",ערד
290230,מרפאת כללית רוטשילד,מרפאה,רשות עליונה לאשפוז ובריאות,"קופ""ח: מרפאה",03-9395200,119    רוטשילד,פתח תקוה
290231,מרפאת כללית ברקמן,מרפאה,רשות עליונה לאשפוז ובריאות,"קופ""ח: מרפאה",03-9120400,26     עוזר חיים,פתח תקוה
290232,כללית שירותי בריאות מרפאת כפר גנים,מרפאה,רשות עליונה לאשפוז ובריאות,"קופ""ח: מרפאה",03-9149200,13  לוחמי הגטאות,פתח תקוה
290234,מרפאת כללית עמישב,מרפאה,רשות עליונה לאשפוז ובריאות,"קופ""ח: מרפאה",03-9082400,42     עדש שפיק,פתח תקוה
290238,מרפאת כללית אורלנסקי,מרפאה,רשות עליונה לאשפוז ובריאות,"קופ""ח: מרפאה",03-9084400,8      אורלנסקי,פתח תקוה
290429,מרפאת מאוחדת פתח תקווה,שרות אמבולטורי,רשות עליונה לאשפוז ובריאות,"קופ""ח: מרפאה",03-7400300,3      רפאל איתן,פתח תקוה
291614,מרפאת מכבי פתח תקווה,שרות אמבולטורי,רשות עליונה לאשפוז ובריאות,"קופ""ח: מרפאה",03-9392626,3      שפיגל זוסיה,פתח תקוה
629020,קופת חולים כללית-מרכז בריאות צוחר,שירות אמבולטורי,רשות עליונה לאשפוז ובריאות,"קופ""ח: מרפאה",08-9118222,,צוחר
290219,מרפאת כללית קיראון,שרות אמבולטורי,רשות עליונה לאשפוז ובריאות,"קופ""ח: מרפאה",03-7381200,השיקמה 23,קרית אונו
291225,מרפאת מכבי ש.ב. קרית אונו,מרפאה,רשות עליונה לאשפוז ובריאות,"קופ""ח: מרפאה",03-5304111,39     ירושלים,קרית אונו
291813,לאומית שירותי בריאות.קרית אונו,מרפאה,רשות עליונה לאשפוז ובריאות,"קופ""ח: מרפאה",03-5308300,31     וולך,קרית אונו
45319,לאומית שרותי בריאות-ק.ביאליק,מרפאה קהילתית,רשות עליונה לאשפוז ובריאות,"קופ""ח: מרפאה",04-9505500,22     דרך עכו,קרית ביאליק
56705,מרפאת קרית ביאליק - ש.ב.כ,מרפאה קהילתית,רשות עליונה לאשפוז ובריאות,"קופ""ח: מרפאה",04-8465300,65     שד ויצמן,קרית ביאליק
56707,מרפאת קרית ביאליק קרית שמריהו - ש.ב.כ,מרפאה קהילתית,רשות עליונה לאשפוז ובריאות,"קופ""ח: מרפאה",04-8789555,11     זבולון,קרית ביאליק
292025,מרכז רפואי מאוחדת הקריה,מרפאה,רשות עליונה לאשפוז ובריאות,"קופ""ח: מרפאה",08-6308800,16     נתיבות השלום,קרית גת
628119,לאומית שירותי בריאות קרית גת מיכה,6450 מבוטחים+מקצועית,רשות עליונה לאשפוז ובריאות,"קופ""ח: מרפאה",08-6879888,  מיכה 8,קרית גת
628120,לאומית שירותי בריאות שער דרום,שרות אמבולטורי 2200 מבוטחים,רשות עליונה לאשפוז ובריאות,"קופ""ח: מרפאה",08-6878555,178    שד מלכי ישראל,קרית גת
628322,מרפאת מכבי גת,טיפול אמבולטורי 9117  מבוטחים,רשות עליונה לאשפוז ובריאות,"קופ""ח: מרפאה",08-6629205,64     שד העצמאות,קרית גת
629052,"קופ""ח כללית - מרפאת מלכי ישראל",טיפול אמבולטורי,רשות עליונה לאשפוז ובריאות,"קופ""ח: מרפאה",08-6858222,"ישפרו סנטר, מלכי ישראל 178",קרית גת
629053,קופת חולים כללית  שבטי ישראל (הזרע) קרית גת,"טיפול אמבולטורי 6,800 מבוטחים",רשות עליונה לאשפוז ובריאות,"קופ""ח: מרפאה",08-6859222,27     שבטי ישראל,קרית גת
290609,מרפאת כללית פינסקר,שירות אמבולטורי,רשות עליונה לאשפוז ובריאות,"קופ""ח: מרפאה",03-9681888,פינסקר 13,ראשון לציון
290611,מרפאת כללית רמת אליהו ב',שירות אמבולטורי,רשות עליונה לאשפוז ובריאות,"קופ""ח: מרפאה",03-9428200,8      הכנסת,ראשון לציון
291521,מרפאת מכבי גן העיר,שרות אמבולטורי,רשות עליונה לאשפוז ובריאות,"קופ""ח: מרפאה",03-9541111,15     רוטשילד,ראשון לציון
292019,מרפאת מאוחדת קדמת ראשון,שרות אמבולטורי,רשות עליונה לאשפוז ובריאות,"קופ""ח: מרפאה",03-9480808,"31     פיק""א",ראשון לציון
628157,"קופת חולים לאומית מרפאת ראשל""צ","שרות אמבולטורי 11,500 מבוטחים",רשות עליונה לאשפוז ובריאות,"קופ""ח: מרפאה",03-9597800,70      רוטשילד,ראשון לציון
628170,לאומית שירותי בריאות רהט,"שרות אמבולטורי 4,100 מבוטחים",רשות עליונה לאשפוז ובריאות,"קופ""ח: מרפאה",08-6807800,מרכז מסחרי,רהט
628829,קופת חולים כללית מרפאת מרכז בריאות הילד רהט א',שירות אמבולטורי,רשות עליונה לאשפוז ובריאות,"קופ""ח: מרפאה",08-6404888,מרכז מסחרי,רהט
628830,קופת חולים כללית מרפאת מרכז לבריאות המשפחה רהט א',"טיפול אמבולטורי 13,400 מבוטחים",רשות עליונה לאשפוז ובריאות,"קופ""ח: מרפאה",08-6404800,מרכז מסחרי,רהט
628831,קופת חולים כללית-רהט ב',"טיפול אמבולטורי  4,265 מבוטחים",רשות עליונה לאשפוז ובריאות,"קופ""ח: מרפאה",08-6627222,"18, שכונה 18, כיכר אלסלאם",רהט
290616,מרפאת כללית בן גוריון,שירות אמבולטורי,רשות עליונה לאשפוז ובריאות,"קופ""ח: מרפאה",08-9773777,א.ס.לוי 13,רמלה
292023,מרפאת מאוחדת רמלה - הרצל,שרות אמבולטורי,רשות עליונה לאשפוז ובריאות,"קופ""ח: מרפאה",08-9183700,59     שד הרצל,רמלה
628155,קופת חולים לאומית מרפאת רמלה,"שרות אמבולטורי 3,000 מבוטחים",רשות עליונה לאשפוז ובריאות,"קופ""ח: מרפאה",08-9135500,45     השריון,רמלה
290208,מרפאת כללית שני,שרות אמבולטורי,רשות עליונה לאשפוז ובריאות,"קופ""ח: מרפאה",03-6714200,6      אהוד,רמת גן
290210,מרפאת כללית רמת עמידר,שרות אמבולטורי,רשות עליונה לאשפוז ובריאות,"קופ""ח: מרפאה",03-6713600,"אצ""ל 26",רמת גן
290211,מרפאת כללית רמת השקמה,שרות אמבולטורי,רשות עליונה לאשפוז ובריאות,"קופ""ח: מרפאה",03-6306600,8      עזריאל,רמת גן
290225,מרפאת כללית הרצל,שרות אמבולטורי,רשות עליונה לאשפוז ובריאות,"קופ""ח: מרפאה",02-6846440,34     הרצל,רמת גן
290413,מרפאת מאוחדת רמת גן,שרות אמבולטורי,רשות עליונה לאשפוז ובריאות,"קופ""ח: מרפאה",08-6754323,6      נתן,רמת גן
291207,מרפאת מכבי ש.ב. רמת גן,שרות אמבולטורי,רשות עליונה לאשפוז ובריאות,"קופ""ח: מרפאה",03-6750333,4      אורה,רמת גן
291806,לאומית שירותי בריאות באר אורה,מרפאה,רשות עליונה לאשפוז ובריאות,"קופ""ח: מרפאה",03-6711400,19     באר אורה,רמת גן
628110,קופת חולים לאומית -מרפאת שדרות,טיפול 2700 מבוטחים,רשות עליונה לאשפוז ובריאות,"קופ""ח: מרפאה",08-6890478,בן יהודה 21,שדרות
628320,קופת חולים מכבי מרפאת שדרות,טיפול אמבולטורי 3961 מבוטחים,רשות עליונה לאשפוז ובריאות,"קופ""ח: מרפאה",08-6891855,7      הורד,שדרות
629005,קופת חולים כללית-שדרות,"טיפול אמבולטורי 13,977 מבוטחים",רשות עליונה לאשפוז ובריאות,"קופ""ח: מרפאה",08-6621222,4      נאות הדקל,שדרות
290101,מרפאת כללית לב יפו,שרות אמבולטורי,רשות עליונה לאשפוז ובריאות,"קופ""ח: מרפאה",03-5122777,23     התקומה,תל אביב-יפו
290117,מרפאת כללית מגדל המאה,שרות אמבולטורי,רשות עליונה לאשפוז ובריאות,"קופ""ח: מרפאה",03-7622300,124    אבן גבירול,תל אביב-יפו
290135,מרפאת כללית הורביץ,מרפאה,רשות עליונה לאשפוז ובריאות,"קופ""ח: מרפאה",03-7662111,22     יד המעביר,תל אביב-יפו
290141,מרפאת כללית נטקה,מרכז בריאות הילד,רשות עליונה לאשפוז ובריאות,"קופ""ח: מרפאה",03-6302222,5      הרטוב,תל אביב-יפו
290148,מרפאת כללית רמת אביב ב',מרפאה,רשות עליונה לאשפוז ובריאות,"קופ""ח: מרפאה",03-6401800,7      גייגר,תל אביב-יפו
290150,מרפאת כללית רמת חן,מרפאה,רשות עליונה לאשפוז ובריאות,"קופ""ח: מרפאה",03-5720888,9      הצבי,תל אביב-יפו
290151,מרפאת כללית תל נורדאו,מרפאה,רשות עליונה לאשפוז ובריאות,"קופ""ח: מרפאה",03-5202929,1      הוז דב,תל אביב-יפו
290405,"מרפאת מאוחדת ת""א",שרות אמבולטורי,רשות עליונה לאשפוז ובריאות,"קופ""ח: מרפאה",03-6941555,15     שפרינצק,תל אביב-יפו
291203,"מרפאת מכבי ש.ב. השל""ה",מרפאה,רשות עליונה לאשפוז ובריאות,"קופ""ח: מרפאה",03-5425252,"7      השל""ה",תל אביב-יפו
291220,מכבי שירותי בריאות מרפאת יפו,שרות אמבולטורי,רשות עליונה לאשפוז ובריאות,"קופ""ח: מרפאה",03-5122122,36     התקומה,תל אביב-יפו
291224,מרפאת מכבי ש.ב.  בלפור,שרות אמבולטורי,רשות עליונה לאשפוז ובריאות,"קופ""ח: מרפאה",03-5630333,10     בלפור,תל אביב-יפו
291831,לאומית שירותי בריאות יד אליהו,מרפאה,רשות עליונה לאשפוז ובריאות,"קופ""ח: מרפאה",03-6304600,8      דימונה,תל אביב-יפו
665000,"חברת נמל אילת בע""מ",שרותי נמל,רשות הספנות והנמלים,נמל,08-6358374,נמל אילת,אילת
872600,בזק בינלאומי,"1) שירותי תקשורת בינ""ל
2) תפעול  כבל תת ימי
3) שירותי אחסון ענן עבור משרדי הממשלה
4) ספק אינטרנט",משרד התקשורת,כבל תת ימי ושירותי אינטרנט,03-9257297,40     שחם,פתח תקוה
300703,א.ל.ד איכות הסביבה,טיפול בשפכי נתניה,רשות המים והביוב,"מט""ש",09-8630890,4      האומנות,נתניה
300705,השקמה,הספקת והובלת מים חליפיים לתושבי נתניה,רשות המים והביוב,הובלת מים,09-8664878,19     הרב ראט משולם,נתניה
301103,‎ ‎מכון טיהור אשדוד‎‎‎‎‎‎‎‎‎‎‎‎‎‎‎‎‎‎‎‎‎‎‎‎‎‎‎‎,"קליטה וטיפול בשפכים, סילוק בוצה",רשות המים והביוב,"מט""ש",04-9876107,‎ ‎הנפט‎‎‎‎‎‎‎‎‎‎‎‎‎‎‎‎‎‎‎‎,‎אשדוד‎‎‎‎‎‎‎‎‎‎‎‎‎‎‎
301401,מכון טיהור רמת השרון,טיפול בשפכים,רשות המים והביוב,"מט""ש",03-6475020,צומת מורשה,רמת השרון
303901,מכון טיהור כפר סבא/הוד השרון,טיפול בשפכים,רשות המים והביוב,"מט""ש",09-7409497,1      מבוא קדם,הוד השרון
819800,"הובלות השרון י.ג 2007 בע""מ",עתודת מיכליות מים ארצית,רשות המים והביוב,הובלת מים,04-6299011,,זכרון יעקב
841001,"מט""ש  עכו והסביבה","קליטת שפכים של עד 37,000 מ""ק/יום.
[עכו, תאגיד אלעין, מטה אשר]",רשות המים והביוב,"מט""ש",04-9876136,עכו,כפר מסריק
857201,מכון טיהור שמשון,טיפול בשפכים,רשות המים והביוב,"מט""ש",02-9908957,1      אלון יגאל,בית שמש
876000,"קרית חיים אגודה הדדית בע""מ",מתן שירות אספקת מים ותיקון תשתיות מים לתושבי קרית חיים,רשות המים והביוב,אגודת מים,04-8413137,52     הגדוד העברי,חיפה
886901,"אלהלאל  מ.י בע""מ",אחזקת תשתיות מים וביוב,רשות המים והביוב,קבלן תשתיות מים וביוב,04-9997553,ראשי,פקיעין )בוקייעה(
887001," החברה לטיפול והשבת מי ביוב באזור נחל חדרה בע""מ","קליטה וטיפול במי ביוב 
",רשות המים והביוב,"מט""ש",04-6345660,אזור התעשייה הצפוני,חדרה
894200,איגוד ערים דרום השרון טיהור שפכים,טיפול בשפכים,רשות המים והביוב,"מט""ש",03-9000626,מועצה אזורית ד.השרון,נווה ירק
894401,"מט""ש שורק",טיפול בשפכים,רשות המים והביוב,"מט""ש",02-6337637,ת.ד. 18004,מבשרת ציון
894402,"מט""ש הר חומה",טיפול בשפכים,רשות המים והביוב,"מט""ש",02-6337637,ת.ד. 18004,מבשרת ציון
912402,מכון טיהור שפכים אילת,"קליטה וטיפול בשפכים, סילוק בוצה",רשות המים והביוב,"מט""ש",08-6326705,דרך הערבה,אילת
344700,"טרה נתיבות (מילקו תעשיות בע""מ)",480 אלף ליטר חלב ומוצריו ליממה,רשות המזון,מחלבה ומוצרי חלב,074-7550123,פארק נ.ע.מ - פארק תעשיות,נתיבות
846611,מ.יוחננוף ובניו סניף אור יהודה,סניף מזון,רשות המזון,רשת שיווק,,1     הפלדה,אור יהודה
846616,מ.יוחננוף ובניו סניף אור יהודה,סניף מזון,רשות המזון,רשת שיווק,,2     המפעל,אור יהודה
846620,מ.יוחננוף ובניו סניף בת ים,סניף מזון,רשות המזון,רשת שיווק,,34    ניסימבאום,בת ים
846604,מ.יוחננוף ובניו בילו סטקיה,סניף מזון,רשות המזון,רשת שיווק,,כפר בילו,"כפר ביל""ו"
846605,מ.יוחננוף ובניו מרלוג ירקות,סניף מזון,רשות המזון,רשת שיווק,,מתחם בילו סנטר,"כפר ביל""ו"
846606,מ.יוחננוף ובניו סניף נס ציונה,סניף מזון,רשות המזון,רשת שיווק,,32    האירוסים,נס ציונה
846607,מ.יוחננוף ובניו סניף רמלה,סניף מזון,רשות המזון,רשת שיווק,,שד' ים,רמלה
365403,שופרסל דיל אשקלון- רוטשילד,סניף מזון,רשות המזון,רשת שיווק,,8      אדמונד דה רוטשילד,אשקלון
365410,שופרסל שלי אשקלון,סניף מזון,רשות המזון,רשת שיווק,08-8528818,7      שד צפניה,אשקלון
365417,שופרסל דיל בני דרור,סניף מזון,רשות המזון,רשת שיווק,09-7964435,צומת בני דרור,בני דרור
365418,שופרסל דיל בת ים,סניף מזון,רשות המזון,רשת שיווק,03-5089432,25     בלפור,בת ים
365419,שופרסל אקספרס בת ים,סניף מזון,רשות המזון,רשת שיווק,03-6593171,41     החשמונאים,בת ים
365425,שופרסל שלי ק מרגלית,סניף מזון,רשות המזון,רשת שיווק,09-7408552,3      זבוטינסקי,הוד השרון
365426,שופרסל שלי הוד השרון,סניף מזון,רשות המזון,רשת שיווק,09-7401816,12     הבנים,הוד השרון
365427,שופרסל דיל הרצליה,סניף מזון,רשות המזון,רשת שיווק,09-9581827,9      המנופים,הרצליה
365428,שופרסל שלי הרצליה,סניף מזון,רשות המזון,רשת שיווק,09-9571202,46     הבנים,הרצליה
365435,שופרסל דיל יבנה ד. הים,סניף מזון,רשות המזון,רשת שיווק,08-9428160,3      שד הסנהדרין,יבנה
365436,שופרסל דיל יבנה,סניף מזון,רשות המזון,רשת שיווק,08-9427895,1      הירמוך,יבנה
365437,שופרסל שלי סביונים,סניף מזון,רשות המזון,רשת שיווק,03-5367891,7      דרך דיין משה,יהוד
365438,שופרסל דיל יהוד אלטלף,סניף מזון,רשות המזון,רשת שיווק,03-5362426,4      אלטלף אברהם,יהוד
365449,שופרסל דיל נס ציונה,סניף מזון,רשות המזון,רשת שיווק,08-9384777,8      הפטיש,נס ציונה
365466,שופרסל שלי צורן קדימה,סניף מזון,רשות המזון,רשת שיווק,09-89400245,42     דרך לב השרון,צורן
365467,שופרסל דיל קדימה בן צבי,סניף מזון,רשות המזון,רשת שיווק,09-89112445,71     שד בן צבי,קדימה
365468,שופרסל שלי ראש העין,סניף מזון,רשות המזון,רשת שיווק,03-9023937,זיבוטינסקי פינת מ.דיין,ראש העין
365469,שופרסל שלי ברקן ראש העין,סניף מזון,רשות המזון,רשת שיווק,03-9011515,1      בזק,ראש העין
365485,שופרסל דיל בילו,סניף מזון,רשות המזון,רשת שיווק,08-9449400,קרית עקרון,קרית עקרון
365487,שופרסל דיל רמלה,סניף מזון,רשות המזון,רשת שיווק,08-9206201,1      היצירה,רמלה
365488,שופרסל דיל עזריאלי רמלה,סניף מזון,רשות המזון,רשת שיווק,08-9209110,23     שמשון הגבור,רמלה
365489,שופרסל ביג רמלה לוד,סניף מזון,רשות המזון,רשת שיווק,08-9249141,40     צופית,רמלה
365496,שופרסל שלי רמת השרון א',סניף מזון,רשות המזון,רשת שיווק,03-5490829,48     סוקולוב,רמת השרון
365497,שופרסל שלי רמת השרון ב',סניף מזון,רשות המזון,רשת שיווק,03-5402424,5      אוסישקין,רמת השרון
365504,שופרסל שלי  שוהם,סניף מזון,רשות המזון,רשת שיווק,03-9793158,שד עמק איילון 30,שוהם
365505,שופרסל שלי  שוהם תרשיש,סניף מזון,רשות המזון,רשת שיווק,03-9712230,תרשיש 1,שוהם
365528,שופרסל שלי קניון נוה הדרים ,סניף מזון,רשות המזון,רשת שיווק,-6207307,ש בית אליעזר,חדרה
365530,שופרסל דיל צהל חדרה,סניף מזון,רשות המזון,רשת שיווק,04-6220881,"32     צה""ל",חדרה
365531,שופרסל דיל חדרה,סניף מזון,רשות המזון,רשת שיווק,052-6119764,1      ארבע האגודות,חדרה
365532,שופרסל דיל גבעת אולגה,סניף מזון,רשות המזון,רשת שיווק,04-6220073,הרב ניסים-גבעת אולגה,חדרה
365535,שופרסל שלי פרדס חנה - כרכור,סניף מזון,רשות המזון,רשת שיווק,04-6230221,דרך הקידמה 23 -צמרת המושבה,פרדס חנה-כרכור
365536,שופרסל דיל פרדס חנה,סניף מזון,רשות המזון,רשת שיווק,04-6373523,99     הדקלים,פרדס חנה-כרכור
365542,שופרסל דיל קטרפילר,סניף מזון,רשות המזון,רשת שיווק,04-8724063,251    דרך יצחק רבין,קרית אתא
365560,שופרסל אקספרס ק. ביאליק,סניף מזון,רשות המזון,רשת שיווק,04-8761888,שד' ים 51,קרית ביאליק
365561,שופרסל דיל קרית מוצקין,סניף מזון,רשות המזון,רשת שיווק,04-8762397,84     שד בן גוריון,קרית מוצקין
365562,שופרסל שלי קרית מוצקין-ויצמן,סניף מזון,רשות המזון,רשת שיווק,04-8719545,1      שד ויצמן,קרית מוצקין
365563,שופרסל דיל קריון,סניף מזון,רשות המזון,רשת שיווק,04-8759986,192    דרך עכו,קרית ביאליק
365567,שופרסל יש זבולון ק.אתא,סניף מזון,רשות המזון,רשת שיווק,-8447487,4      זבולון,קרית אתא
365568,שופרסל שלי שביט ק.אתא,סניף מזון,רשות המזון,רשת שיווק,04-8456518,20     אינשטין,קרית אתא
365569,שופרסל דיל טירת הכרמל,סניף מזון,רשות המזון,רשת שיווק,04-8500626,5      חת נחום,טירת הכרמל
365570,שופרסל דיל קרית אתא,סניף מזון,רשות המזון,רשת שיווק,-8574622,52     דרך חיפה,קרית אתא
365573,שופרסל יש יקנעם עילית,סניף מזון,רשות המזון,רשת שיווק,04-9892152,היובלים 1,יקנעם עילית
365574,שופרסל דיל יקנעם,סניף מזון,רשות המזון,רשת שיווק,04-9890705,9      שד יצחק רבין,יקנעם עילית
365576,שופרסל דיל עפולה,סניף מזון,רשות המזון,רשת שיווק,04-6425180,5      שד רבין יצחק,עפולה
365577,שופרסל דיל עפולה,סניף מזון,רשות המזון,רשת שיווק,04-6523793,5      כורש,עפולה
365578,שופרסל דיל טירת הכרמל,סניף מזון,רשות המזון,רשת שיווק,04-6522452,2      המלאכה,טירת הכרמל
365579,שופרסל שלי עכו צפון,סניף מזון,רשות המזון,רשת שיווק,04-9815043,28     שפירא משה חיים,עכו
365580,שופרסל יש טבריה עלית,סניף מזון,רשות המזון,רשת שיווק,04-9911727,1117   הנשיא ויצמן,טבריה
365581,שופרסל דיל רבין כרמיאל,סניף מזון,רשות המזון,רשת שיווק,,2      ההגנה,כרמיאל
365582,שופרסל דיל נהריה,סניף מזון,רשות המזון,רשת שיווק,-9513304,36     לוחמי הגטאות,נהריה
365583,שופרסל שלי הגעתון נהריה,סניף מזון,רשות המזון,רשת שיווק,04-9927210,שד הגעתון,נהריה
365584,שופרסל דיל כרמיאל,סניף מזון,רשות המזון,רשת שיווק,04-9985358,אזור תעשיה כרמיאל,כרמיאל
365585,שופרסל דיל קניון כרמיאל,סניף מזון,רשות המזון,רשת שיווק,04-9583886,100    מורד הגיא,כרמיאל
365587,שופרסל דיל קניון מגדל העמק,סניף מזון,רשות המזון,רשת שיווק,04-6440390,77     שד עמור שאול,מגדל העמק
365588,שופרסל דיל מגדל העמק,סניף מזון,רשות המזון,רשת שיווק,04-6440874,אזור תעשיה דרומי,מגדל העמק
365591,שופרסל דיל נצרת עילית,סניף מזון,רשות המזון,רשת שיווק,04-6025501,2      המעיין,נוף הגליל
365592,שופרסל שלי רסקו נצרת עילית,סניף מזון,רשות המזון,רשת שיווק,04-6554639,הדקל-מרכז מסחרי רסקו,נוף הגליל
365595,שופרסל אקספרס טבריה,סניף מזון,רשות המזון,רשת שיווק,04-6792588,6      הבנים,טבריה
365596,שופרסל דיל טבריה,סניף מזון,רשות המזון,רשת שיווק,-6791891,1      העמקים,טבריה
365601,שופרסל דיל צפת,סניף מזון,רשות המזון,רשת שיווק,04-6827108,ויצמן  6-מתחם דובק,צפת
365602,שופרסל שלי רמת רזים צפת,סניף מזון,רשות המזון,רשת שיווק,04-6924343,רמת רזים,צפת
365603,שופרסל יש כנען צפת,סניף מזון,רשות המזון,רשת שיווק,04-6925441,שכ הר כנען,צפת
365610,שופרסל דיל בת ים,סניף מזון,רשות המזון,רשת שיווק,,25     אורט ישראל,בת ים
365612,שופרסל אקספרס,סניף מזון,רשות המזון,רשת שיווק,,1      ההגנה,קרית אונו
365613,שופרסל שלי,סניף מזון,רשות המזון,רשת שיווק,,126    סעדון אליהו,אור יהודה
365614,שופרסל אקספרס,סניף מזון,רשות המזון,רשת שיווק,,23     בני בנימין,הרצליה
365616,שופרסל אקספרס חנקין,סניף מזון,רשות המזון,רשת שיווק,,,הוד השרון
365622,שופרסל אורגניק ,סניף מזון,רשות המזון,רשת שיווק,,25     ירמיהו,קרית אונו
365628,שופרסל אורגניק הרצליה,סניף מזון,רשות המזון,רשת שיווק,,1      הנגב,הרצליה
365631,שופרסל יש מודיעין עילית,סניף מזון,רשות המזון,רשת שיווק,,3      שערי תשובה,מודיעין עילית
365633,שופרסל יש קרית ספר,סניף מזון,רשות המזון,רשת שיווק,,46     אבני נזר,מודיעין עילית
856505,שופרסל דיל אילת,סניף מזון,רשות המזון,רשת שיווק,08-6318659,מרכז ביג,אילת
856506,שופרסל שלי  אילת,סניף מזון,רשות המזון,רשת שיווק,08-6375102,אדום,אילת
856507,שופרסל דיל אורה,סניף מזון,רשות המזון,רשת שיווק,08-6375102,52     ירושלים השלמה,אילת
856508,שופרסל דיל אשקלון,סניף מזון,רשות המזון,רשת שיווק,08-6759992,מתחם פאור סנטר,אשקלון
856509,שופרסל דיל רמז אשקלון,סניף מזון,רשות המזון,רשת שיווק,08-6722121,39     רמז דוד,אשקלון
856517,שופרסל יש אקספרס שחמון אילת,סניף מזון,רשות המזון,רשת שיווק,08-6270442,310    שד ששת הימים,אילת
856521,שופרסל דיל ישפרו ערד,סניף מזון,רשות המזון,רשת שיווק,08-9944007,7      מנוף,ערד
856522,שופרסל דיל קניון ערד,סניף מזון,רשות המזון,רשת שיווק,08-9971164,29     הקנאים,ערד
856527,שופרסל דיל בית שמש,סניף מזון,רשות המזון,רשת שיווק,,1      העליה,בית שמש
856543,שופרסל יש בית שמש,סניף מזון,רשות המזון,רשת שיווק,,2      שד נחל צאלים,בית שמש
846600,"מ.יוחננוף  ובניו (☐(1988 בע""מ",הנהלת מ.יוחננוף  ובניו ,רשות המזון,רשת שיווק,08-9448119,1      חסן מלך מרוקו השני,קרית עקרון
363600,"פאקא תעשיות בע""מ",ייבוא ושיווק שמרים,רשות המזון,שמרים,08-6342164,תנובה מול עמגל,מ.א. באר טוביה
964600,"סורפול בע""מ",יבוא ושיווק שמרים,רשות המזון,שמרים,08-8530020,2      הגפן,אזור תעשייה ניר גלים
365400,שופר סל בע'מ,"1) הנהלת שופרסל 
2) מרלו""ג",רשות המזון,רשת שיווק,03-9481561,30     שמוטקין בנימין,ראשון לציון
89300,"הטחנות הגדולות של א""י בע""מ","1) 450 טון ביממה
2)אחסנת מלאי קמח ממשלתי",רשות המזון,טחנת קמח,04-8672137,40     חטיבת גולני,חיפה
644800,מאפית שלמה א. אנג'ל נתיבות,"1) 55 טון ליממה (5000 כיכר לשעה)
2) מחזיק מלאי קמח ממשלתי",רשות המזון,מאפייה,08-9939777,"אברהם רוזנמן 6
אזור התעשיה",נתיבות
898000,"פוליבה בע""מ",ייבוא ושיווק שמרים,רשות המזון,שמרים,08-9213022,1      הר עצמון,רמלה
859800,אמבר מכון לתערובת מפעלי גרנות,"1) מכוני תערובת
2) מרכזי מזון
3) מחזיק מלאי חירום",חקלאות,"מזון לבע""ח: מכון תערובת",04-6321801,ד.נ חפר,מרכז אזורי גרנות
103201,"מילובר מכון מרכזי לתערובת בע""ח","ייצור מזון, ותערובת",חקלאות,"מזון לבע""ח: מכון תערובת",04-9853229,ד.נ אשרת,א.ת. מילואות
858900,"מושבי הנגב בע""מ",ניהול משק הצומח באזור הנגב המערבי ואכסנה של מלאי חירום,חקלאות,"מינהלה: אגש""ח",08-9941071,6      אזור התעשיה,נתיבות
33100,בית חולים צרפתי סט. וינסנט,"בי""ח כללי וקליטת נפגעים 132 מי",רשות עליונה לאשפוז ובריאות,"בי""ח",04-6509007,אל ואדי אל גוואני,נצרת
33200,בית חולים המשפחה הקדושה,"בי""ח כללי וקליטת נפגעים-118מיט",רשות עליונה לאשפוז ובריאות,"בי""ח",04-6508912,נמסאוי -רח' 4006,נצרת
33400,בית חולים אנגלי סקוטי נצרת,"בי""ח כללי וקליטת נפגעים-144 מי",רשות עליונה לאשפוז ובריאות,"בי""ח",04-6028848,רח' 52/521,נצרת
260200,"בית חולים אסותא בע""מ",אשפוז נפגעים,רשות עליונה לאשפוז ובריאות,"בי""ח",03-7645071,20     הברזל,תל אביב-יפו
269800,בית חולים לוינשטיין,בית חולים שיקומי - 315 מיטות,רשות עליונה לאשפוז ובריאות,"בי""ח",09-7709038,278    אחוזה,רעננה
16400,"מד""א מרחב כרמל וכל סניפיו",עזרה ראשונה,רשות עליונה לאשפוז ובריאות,"מד""א: מרחב",04-8512333,10     שדה יצחק,חיפה
16500,"מד""א אזור אשר וכל סניפיו",עזרה ראשונה,רשות עליונה לאשפוז ובריאות,"מד""א: מרחב",04-9912333,1      גדיש יוסף,עכו
16600,"מד""א אזור גלבוע וכל סניפיו",עזרה ראשונה,רשות עליונה לאשפוז ובריאות,"מד""א: מרחב",04-6421333,1      ההסתדרות,עפולה
16700,"מד""א אזור ירדן וכל סניפיו",עזרה ראשונה,רשות עליונה לאשפוז ובריאות,"מד""א: מרחב",04-6790111,1      הקישון,טבריה
222300,"מד""א מרחב שרון וכל סניפיו",איזור שרון,רשות עליונה לאשפוז ובריאות,"מד""א: מרחב",09-8623333,7      מינץ,נתניה
222400,"מד""א מרחב  דן וכל סניפיו","מד""א מרחב דן",רשות עליונה לאשפוז ובריאות,"מד""א: מרחב",03-5460111,2      אלקלעי,תל אביב-יפו
222500,"מד""א מרחב לכיש וכל סניפיו",מ ד א לכיש,רשות עליונה לאשפוז ובריאות,"מד""א: מרחב",08-8663701,1      הרפואה,אשדוד
222800,"מד""א מרחב ירקון וכל סניפיו",מ ד א אזור ירקון,רשות עליונה לאשפוז ובריאות,"מד""א: מרחב",03-9345588,30     המכבים,פתח תקוה
506400,"מד""א אזור ירושלים וכל סניפיו",עזרה ראשונה,רשות עליונה לאשפוז ובריאות,"מד""א: מרחב",02-6523133,"7      המ""ג",ירושלים
610900,מגן דוד אדום - אזור באר שבע,עזרה ראשונה,רשות עליונה לאשפוז ובריאות,"מד""א: מרחב",08-6278333,4      סוקולוב,באר שבע
274700,המרכז הלאומי לרפואה משפטית,מכון לרפואה משפטית,רשות עליונה לאשפוז ובריאות,מכון לרפואה משפטית,03-5127878,67     דרך בן צבי,תל אביב-יפו
47000,לשכת בריאות מחוזית-מחוז הצפון,שרות רפואי,רשות עליונה לאשפוז ובריאות,לשכת בריאות: מחוז,04-6557817,3      המלאכה,נצרת עילית
47300,לשכת בריאות מחוזית  חיפה,לשכת בריאות מחוזית חיפה,רשות עליונה לאשפוז ובריאות,לשכת בריאות: מחוז,04-8633092,"15     פלי""ם",חיפה
293800,לשכת הבריאות מחוז המרכז,לשכת בריאות מחוזית,רשות עליונה לאשפוז ובריאות,לשכת בריאות: מחוז,08-9788660,91     שד הרצל,רמלה
294000,לשכת הבריאות המחוזית תל אביב,לשכת הבריאות המחוזית,רשות עליונה לאשפוז ובריאות,לשכת בריאות: מחוז,03-5634848,הארבעה 41-21,תל אביב-יפו
294100,לשכת הבריאות אשקלון,לשכת בריאות מחוזית,רשות עליונה לאשפוז ובריאות,לשכת בריאות: מחוז,08-6745678,ההסתדרות,אשקלון
523600,לשכת בריאות מחוזית ירושלים,פקוח על נושא הבריאות,רשות עליונה לאשפוז ובריאות,לשכת בריאות: מחוז,02-5314881,86     יפו,ירושלים
628000,לשכת בריאות מחוזית דרום-באר שבע,אחריות לתפעול מערכת הבריאות,רשות עליונה לאשפוז ובריאות,לשכת בריאות: מחוז,08-6263499,4      התקוה,באר שבע
518500,בית חולים אלין,"בי""ח שיקומי לנכים ילדים ונוער",רשות עליונה לאשפוז ובריאות,"מר""ג",02-6494338,לוין שמריהו,ירושלים
261300,מרכז רפואי גריאטרי שמואל הרופא,בית חולים גריאטרי 341 מיטות,רשות עליונה לאשפוז ובריאות,"מר""ג",08-9258666,2      הבנים,באר יעקב
268900,מרכז רפואי גריאטרי נתניה דורות,מרכז גריאטרי 382 מיטות .,רשות עליונה לאשפוז ובריאות,"מר""ג",09-8630101,22     הנביאים,נתניה
269400,בית חולים בית רבקה,"בי""ח גריאטרי שיקומי 276 מיטות",רשות עליונה לאשפוז ובריאות,"מר""ג",03-9373917,4      החמישה,פתח תקוה
272100,מרכז רפואי רעות (ליכטנשטדטר),"בי""ח שיקומי וכרוניים 350 מיטות",רשות עליונה לאשפוז ובריאות,"מר""ג",03-6383666,"2      שד החי""ל",תל אביב-יפו
499000,"בית הדר מרכז רפואה, שיקום וסיע",מרכז סיעודי 244 מיטות 8 מחלקות,רשות עליונה לאשפוז ובריאות,"מר""ג",08-8518888,3      אורט,אשדוד
277200,"כללית הנדסה רפואית בע""מ",ציוד ומיכשור רפואי לבתי חולים,רשות עליונה לאשפוז ובריאות,"צר""פ",03-5389555,1      נתניהו יהונתן,אור יהודה
292100,מאוחדת מחוז ירושלים,"1) הפעלת מערכת קופ""ח בשעת חירום
2) שרות אמבולטורי",רשות עליונה לאשפוז ובריאות,"קופ""ח: מחוז",02-5314444,4      הטורים,ירושלים
47900,לשכת הבריאות נפת חדרה,שרות רפואי,רשות עליונה לאשפוז ובריאות,לשכת בריאות: נפה,04-6240804,13     הלל יפה,חדרה
293900,לשכת הבריאות נפת רחובות,לשכת בריאות נפתית,רשות עליונה לאשפוז ובריאות,לשכת בריאות: נפה,08-9485858,10     אופנהיימר,רחובות
294200,לשכת הבריאות נפת שרון,לשכת בריאות נפתית,רשות עליונה לאשפוז ובריאות,לשכת בריאות: נפה,09-8300111,23     שד ויצמן,נתניה
294400,לשכת הבריאות נפת פתח תקוה,לשכת בריאות פתח תקוה,רשות עליונה לאשפוז ובריאות,לשכת בריאות: נפה,03-9051818,31     אחד העם,פתח תקוה
294500,לשכת הבריאות נפת רמלה,לשכת בריאות נפתית,רשות עליונה לאשפוז ובריאות,לשכת בריאות: נפה,08-9181212,3      מס דני,רמלה
47302,משרד הבריאות-המעבדה המחוזית,שרותי מעבדה,רשות עליונה לאשפוז ובריאות,מעבדה,04-8619727,15     הפרסים,חיפה
270900,המעבדה לבריאות הציבור,"מעבדות קליניות, מים ומזון",רשות עליונה לאשפוז ובריאות,מעבדה,03-5158686,69     דרך בן צבי,תל אביב-יפו
524500,מעבדות מרכזיות,שירותי מעבדה,רשות עליונה לאשפוז ובריאות,מעבדה,02-6551800,9      אליאב יעקב,ירושלים
629062,קופת חולים כללית-אבן שמואל,5 ישובים 2059 מבוטחים,רשות עליונה לאשפוז ובריאות,"קופ""ח: מרפאה",08-6857222,,אבן שמואל
290776,מרפאת כללית אום אל פאחם א',שרות אמבולטורי,רשות עליונה לאשפוז ובריאות,"קופ""ח: מרפאה",04-6312934,שכונת מחאמיד,אום אל-פחם
290221,מרפאת כללית גיורא,שרות אמבולטורי,רשות עליונה לאשפוז ובריאות,"קופ""ח: מרפאה",03-5385200,21     אלעזר דוד,אור יהודה
290757,כללית מחוז שרון שומרון-אור עקי,שרות אמבולטורי,רשות עליונה לאשפוז ובריאות,"קופ""ח: מרפאה",04-6361111,,אור עקיבא
290126,מרפאת כללית אזור,שרות אמבולטורי,רשות עליונה לאשפוז ובריאות,"קופ""ח: מרפאה",03-6503600,25     ויצמן,אזור
291229,מרפאת מכבי ש.ב. אילת,מרפאה,רשות עליונה לאשפוז ובריאות,"קופ""ח: מרפאה",08-6364848,39     שד התמרים,אילת
46308,מרפאת כללית איכסאל,מרפאה ראשונית,רשות עליונה לאשפוז ובריאות,"קופ""ח: מרפאה",04-6428700,דואר אכסאל,אכסאל
292110,מרפאת מאוחדת אלון שבות,שרות אמבולטורי,רשות עליונה לאשפוז ובריאות,"קופ""ח: מרפאה",02-9939777,רח' מגיני הגוש פינת התמר,אלון שבות
290423,מרפאת מאוחדת אלעד,שרות אמבולטורי,רשות עליונה לאשפוז ובריאות,"קופ""ח: מרפאה",03-9066777,     רבי יהודה  94 הנשיא,אלעד
290613,מרפאת כללית באר יעקב,שירות אמבולטורי,רשות עליונה לאשפוז ובריאות,"קופ""ח: מרפאה",08-9135200,6      יהודה,באר יעקב
45965,קופת חולים מאוחדת סניף בוקעתא,מרפאה אזורית,רשות עליונה לאשפוז ובריאות,"קופ""ח: מרפאה",04-6042625,התעלה 6,בוקעאתה
291815,לאומית שירותי בריאות בנימינה,מרפאה,רשות עליונה לאשפוז ובריאות,"קופ""ח: מרפאה",04-6388515,"21     דרך ניל""י",בינימינה
45334,לאומית שרותי בריאות-ביראלמכסור,מרפאה קהילתית,רשות עליונה לאשפוז ובריאות,"קופ""ח: מרפאה",04-9502850,כפר ביר אל מכסור,ביר אל-מכסור
56409,מרפאת כללית בית ג'ן,מרפאה ראשונית,רשות עליונה לאשפוז ובריאות,"קופ""ח: מרפאה",04-9802264,ד.נ. מעלה הגליל,בית ג'ן
291401,קופת חולים לאומית ביתר עילית,מרפאה מרחבית,רשות עליונה לאשפוז ובריאות,"קופ""ח: מרפאה",02-5480888,1      אלעזר המודעי,ביתר עילית
45329,לאומית שרותי בריאות -בענה,מרפאה קהילתית,רשות עליונה לאשפוז ובריאות,"קופ""ח: מרפאה",04-9027800,בנין המועצה המקומית,בענה
45351,לאומית שרותי בריאות-מכר,מרפאה קהילתית,רשות עליונה לאשפוז ובריאות,"קופ""ח: מרפאה",04-9569600,מכר,ג'דיידה-מכר
56419,מרפאת כללית מכר-ג'דיידה,מרפאה ראשונית,רשות עליונה לאשפוז ובריאות,"קופ""ח: מרפאה",04-9967040,ת.ד. 878 מיקוד 25105,ג'דיידה-מכר
290244,מרפאת כללית ג'לג'וליה,מרפאה,רשות עליונה לאשפוז ובריאות,"קופ""ח: מרפאה",03-9124300,,ג'לג'וליה
46429,מרפאת כללית גבעת אבני,מרפאה ראשונית,רשות עליונה לאשפוז ובריאות,"קופ""ח: מרפאה",04-6779193,ד.נ. הגליל התחתון,גבעת אבני
290216,"כללית מחוז דן פ""ת-גבעת שמואל",שרות אמבולטורי,רשות עליונה לאשפוז ובריאות,"קופ""ח: מרפאה",03-7385200,בארי 10,גבעת שמואל
290203,מרפאת כללית המעורר,שרות אמבולטורי,רשות עליונה לאשפוז ובריאות,"קופ""ח: מרפאה",03-6790200,24     המעורר,גבעתיים
290656,כללית ש.ב.מ.מרכז-מרפאת גדרה,שירות אמבולטורי,רשות עליונה לאשפוז ובריאות,"קופ""ח: מרפאה",08-8591027,8      לילינבלום,גדרה
628338,קופת חולים מכבי מרפאת גדרה,שרות אמבולטורי,רשות עליונה לאשפוז ובריאות,"קופ""ח: מרפאה",08-8594644,פינס 5,גדרה
290637,כללית ש.ב.מ.מרכז-מרפ' גן יבנה,שירות אמבולטורי,רשות עליונה לאשפוז ובריאות,"קופ""ח: מרפאה",08-8574131,41     הרצל,גן יבנה
56808,מרפאת כללית דאלית אל כרמל,מרפאה קהילתית,רשות עליונה לאשפוז ובריאות,"קופ""ח: מרפאה",04-8393650,,דאלית אל-כרמל
290241,מרפאת כללית רמתיים,מרפאה,רשות עליונה לאשפוז ובריאות,"קופ""ח: מרפאה",09-7470200,8      הרשות,הוד השרון
290415,מרפאת מאוחדת הוד השרון,שרות אמבולטורי,רשות עליונה לאשפוז ובריאות,"קופ""ח: מרפאה",09-7619600,25     בן גמלא יהושע,הוד השרון
290408,מרפאת מאוחדת הרצליה,שרות אמבולטורי,רשות עליונה לאשפוז ובריאות,"קופ""ח: מרפאה",09-9706111,8      שד לנצט יעקב,הרצליה
45015,מכבי-מרפאת זכרון יעקב,מרפאה קהילתית,רשות עליונה לאשפוז ובריאות,"קופ""ח: מרפאה",04-6398262,המייסדים 49,זכרון יעקב
628836,קופת חולים כללית-חורה א',"שרות אמבולטורי 10,100 מבוטחים",רשות עליונה לאשפוז ובריאות,"קופ""ח: מרפאה",08-6684222,שכ 1,חורה
628837,קופת חולים כללית מרכז בריאות חורה,שרות אמבולטורי,רשות עליונה לאשפוז ובריאות,"קופ""ח: מרפאה",08-6682222,"אבן תאימייה, צמוד למועצה המקומית",חורה
45013,מכבי-מרפאת חצור הגלילית,מרפאה קהילתית,רשות עליונה לאשפוז ובריאות,"קופ""ח: מרפאה",04-6938078,מרכז מסחרי  רסקו,חצור הגלילית
46437,מרפאת כללית טובא-זנגריה,מרפאה ראשונית,רשות עליונה לאשפוז ובריאות,"קופ""ח: מרפאה",04-9007300,ד.נ. גליל עליון,טובא-זנגריה
290725,מרפאת כללית טירה,מרפאה,רשות עליונה לאשפוז ובריאות,"קופ""ח: מרפאה",09-7938877,מרכז טירה,טירה
56507,מרפאת כללית טמרה,מרפאה ראשונית,רשות עליונה לאשפוז ובריאות,"קופ""ח: מרפאה",04-9020300,דואר טמרה,טמרה
290663,מרפאת כללית הדקל,שירות אמבולטורי,רשות עליונה לאשפוז ובריאות,"קופ""ח: מרפאה",08-9326400,6      הדקל,יבנה
628339,קופת חולים מכבי מרפאת יבנה,שרות אמבולטורי,רשות עליונה לאשפוז ובריאות,"קופ""ח: מרפאה",08-9424000,1      גיבורי החיל,יבנה
290239,מרפאת כללית יהוד,מרפאה,רשות עליונה לאשפוז ובריאות,"קופ""ח: מרפאה",03-5395300,19     צבי ישי,יהוד
45019,מכבי-מרפאת יקנעם עילית,מרפאה קהילתית,רשות עליונה לאשפוז ובריאות,"קופ""ח: מרפאה",04-9936100,שד' יצחק רבין 9 מרכז ביג,יקנעם עילית
628314,קופת חולים מכבי מרפאת ירוחם,טיפול אמבולטורי  2425 מבוטחים,רשות עליונה לאשפוז ובריאות,"קופ""ח: מרפאה",08-6583123,199    בורנשטיין צבי,ירוחם
628818,קופת חולים כללית-ירוחם,"טיפול אמבולטורי 7,300 מבוטחים",רשות עליונה לאשפוז ובריאות,"קופ""ח: מרפאה",08-9554222,1      בורנשטיין צבי,ירוחם
56406,מרפאת כללית ירכא,מרפאה ראשונית,רשות עליונה לאשפוז ובריאות,"קופ""ח: מרפאה",04-9564414,"ד.נ. מעלה הגליל, ליד בניין המועצה המקומית",ירכא
628839,קופת חולים כללית-כסייפה א',"טיפול אמבולטורי 10,200 מבוטחים",רשות עליונה לאשפוז ובריאות,"קופ""ח: מרפאה",08-9553222,שכונה 24 בכניסה לכפר,כסיפה
56413,מרפאת כללית כפר יאסיף,מרפאה ראשונית,רשות עליונה לאשפוז ובריאות,"קופ""ח: מרפאה",04-9560097,דואר כפר יאסיף,כפר יאסיף
290733,מרפאת כללית כפר יונה,שרות אמבולטורי,רשות עליונה לאשפוז ובריאות,"קופ""ח: מרפאה",04-8988380,11     הרצל,כפר יונה
46307,מרפאת כללית כפר מנדא,מרפאה ראשונית,רשות עליונה לאשפוז ובריאות,"קופ""ח: מרפאה",04-9058400,,כפר מנדא
290409,מרפאת מאוחדת כפר סבא,שרות אמבולטורי,רשות עליונה לאשפוז ובריאות,"קופ""ח: מרפאה",09-7641222,20     המיסדים,כפר סבא
290706,מרפאת כללית בן גוריון מקצועית,שרות אמבולטורי,רשות עליונה לאשפוז ובריאות,"קופ""ח: מרפאה",09-7651265,43     בן גוריון,כפר סבא
290243,מרפאת כללית כפר קאסם,מרפאה,רשות עליונה לאשפוז ובריאות,"קופ""ח: מרפאה",03-9082300,,כפר קאסם
290781,מרפאת כללית כפר קרע,שרות אמבולטורי,רשות עליונה לאשפוז ובריאות,"קופ""ח: מרפאה",04-6352756,,כפר קרע
46217,מרפאת כללית כפר תבור,מרפאה ראשונית,רשות עליונה לאשפוז ובריאות,"קופ""ח: מרפאה",04-6621600,המייסדים,כפר תבור
628234,קופת חולים כללית-להבים,"שרות אמבולטורי 2,000 מבוטחים",רשות עליונה לאשפוז ובריאות,"קופ""ח: מרפאה",08-6681222,מרכז להבים,להבים
628842,קופת חולים כללית-לקיה,"שרות אמבולטורי 6,500 מבוטחים",רשות עליונה לאשפוז ובריאות,"קופ""ח: מרפאה",08-9555222,,לקיה
56510,מרפאת כללית מג'ד אל כרום,מרפאה ראשונית,רשות עליונה לאשפוז ובריאות,"קופ""ח: מרפאה",04-9986430,כביש ראשי ,מג'ד אל-כרום
46311,מרפאת כללית מגדל העמק,מרפאה ראשונית,רשות עליונה לאשפוז ובריאות,"קופ""ח: מרפאה",04-6447042,2      האלה,מגדל העמק
290440,מרפאת מאוחדת קרית ספר (מודיעין עילית),שרות אמבולטורי,רשות עליונה לאשפוז ובריאות,"קופ""ח: מרפאה",08-9144343,46     אבני נזר,מודיעין עילית
291439,קופת חולים לאומית ק.ספר ,מרפאה מקומית,רשות עליונה לאשפוז ובריאות,"קופ""ח: מרפאה",08-9142500,נתיבת המשפט 5,מודיעין עילית
628801,קופת חולים כללית-מיתר,"שרות אמבולטורי 3,200 מבוטחים",רשות עליונה לאשפוז ובריאות,"קופ""ח: מרפאה",08-9558222,המייסדים 5,מיתר
56404,מרפאת כללית מעלות,מרפאה ראשונית,רשות עליונה לאשפוז ובריאות,"קופ""ח: מרפאה",04-9578555,4      בן גוריון,מעלות-תרשיחא
628819,קופת חולים כללית-מצפה רמון,,רשות עליונה לאשפוז ובריאות,"קופ""ח: מרפאה",08-9559222,נחל גרופית 4,מצפה רמון
45007,מכבי-מרפאת נהריה,,רשות עליונה לאשפוז ובריאות,"קופ""ח: מרפאה",04-9921192,8      אחד העם,נהריה
56414,מרפאת כללית נהריה מקצועית ב',מרפאה מקצועית,רשות עליונה לאשפוז ובריאות,"קופ""ח: מרפאה",04-9933400,3      שד הגעתון,נהריה
45963,קופת חולים מאוחדת מגדלי נצרת,מרפאה אזורית,רשות עליונה לאשפוז ובריאות,"קופ""ח: מרפאה",04-6123333,מרג' איבן המר 5,נצרת
46315,מרפאת כללית סאפפרה,מרפאה ראשונית,רשות עליונה לאשפוז ובריאות,"קופ""ח: מרפאה",04-6025222,שכ סאפפרה,נצרת
56817,מרפאת כללית נשר תל חנן,מרפאה קהילתית,רשות עליונה לאשפוז ובריאות,"קופ""ח: מרפאה",04-8299400,83     הרב בר מוחא מרדכי,נשר
628250,קופת חולים כללית-נתיבות,"טיפול אמבולטורי 11,000 מבוטחים",רשות עליונה לאשפוז ובריאות,"קופ""ח: מרפאה",08-9937777,"5      הרמב""ם",נתיבות
628309,קופת חולים מכבי מרפאת נתיבות,שירות אמבולטורי,רשות עליונה לאשפוז ובריאות,"קופ""ח: מרפאה",08-9931631,8      שד ירושלים,נתיבות
45339,לאומית שרותי בריאות-סאג'ור,מרפאה קהילתית,רשות עליונה לאשפוז ובריאות,"קופ""ח: מרפאה",04-9588800,כפר סאג'ור,סאג'ור
45914,קופת חולים מאוחדת סניף סח'נין,מרפאה אזורית,רשות עליונה לאשפוז ובריאות,"קופ""ח: מרפאה",04-6741114,בנין אלתאופיק,סח'נין
56513,מרפאת כללית סח'נין,מרפאה ראשונית,רשות עליונה לאשפוז ובריאות,"קופ""ח: מרפאה",04-6191155,סחנין - כביש ראשי,סח'נין
45967,קופת חולים מאוחדת -עין קנייא,מרפאה אזורית,רשות עליונה לאשפוז ובריאות,"קופ""ח: מרפאה",04-6600991,שכונת המעיין,עין קנייא
290720,מרפאת כללית עמנואל,מרפאה אמבולטורית,רשות עליונה לאשפוז ובריאות,"קופ""ח: מרפאה",09-7921535,עמנואל ד.נ שומרון,עמנואל
45977,קופת חולים מאוחדת-עוספיא,מרפאה עצמאית,רשות עליונה לאשפוז ובריאות,"קופ""ח: מרפאה",04-8355600,שכונה מערבית,עספיא
46203,מרפאת עפולה עומר - ש.ב.כ,מרפאה ראשונית,רשות עליונה לאשפוז ובריאות,"קופ""ח: מרפאה",04-6525611,5      שינבוים,עפולה
46205,מרפאת עפולה גבעת המורה - ש.ב.כ,מרפאה ראשונית,רשות עליונה לאשפוז ובריאות,"קופ""ח: מרפאה",04-6094200,1      קורצאק,עפולה
45330,לאומית שרותי בריאות-עראבה,מרפאה קהילתית,רשות עליונה לאשפוז ובריאות,"קופ""ח: מרפאה",04-6741371,,עראבה
290784,מרפאת כללית פוראדיס,שרות אמבולטורי,רשות עליונה לאשפוז ובריאות,"קופ""ח: מרפאה",04-6390657,,פוריידיס
45924,קופת חולים מאוחדת פרדס חנה,מרפאה אזורית,רשות עליונה לאשפוז ובריאות,"קופ""ח: מרפאה",04-6239888,99     הדקלים,פרדס חנה-כרכור
290748,כללית שירותי בריאות פרדסיה,שרות אמבולטורי,רשות עליונה לאשפוז ובריאות,"קופ""ח: מרפאה",09-8945135,מרכז מסחרי פרדסיה,פרדסיה
45957,קופת חולים מאוחדת מאור חיים,מרפאה אזורית,רשות עליונה לאשפוז ובריאות,"קופ""ח: מרפאה",04-6779733,"13     צה""ל",צפת
46435,מרפאת צפת כנען - ש.ב.כ,מרפאה ראשונית,רשות עליונה לאשפוז ובריאות,"קופ""ח: מרפאה",04-6947000,45     יוספטל,צפת
290753,מרפאת כללית קלנסווה,שרות אמבולטורי,רשות עליונה לאשפוז ובריאות,"קופ""ח: מרפאה",09-8780192,,קלנסווה
46417,מרפאת קצרין - ש.ב.כ,מרפאה ראשונית,רשות עליונה לאשפוז ובריאות,"קופ""ח: מרפאה",04-6851300,מרכז מסחרי איתן,קצרין
45009,מכבי-מרפאת קרית אתא,מרפאה קהילתית,רשות עליונה לאשפוז ובריאות,"קופ""ח: מרפאה",04-8431200, 51  העצמאות,קרית אתא
56710,מרפאת קרית ים צפון כולל ב - ש.ב.כ,מרפאה קהילתית,רשות עליונה לאשפוז ובריאות,"קופ""ח: מרפאה",04-8809200,4      הנגב,קרית ים
56711,מרפאת קרית ים רסקו כולל א - ש.ב.כ,מרפאה קהילתית,רשות עליונה לאשפוז ובריאות,"קופ""ח: מרפאה",04-8809500,29     אלי כהן,קרית ים
56713,מרפאת קרית מוצקין הרמן- ש.ב.כ,מרפאה קהילתית,רשות עליונה לאשפוז ובריאות,"קופ""ח: מרפאה",04-8707770,4      מודיעין,קרית מוצקין
290646,מרפאת כללית קרית מלאכי ב',שירות אמבולטורי,רשות עליונה לאשפוז ובריאות,"קופ""ח: מרפאה",08-8589300,"9      נחלת הר חב""ד",קרית מלאכי
628121,קופת חולים לאומית -קרית מלאכי,שרות אמבולטורי 4400 מבוטחים,רשות עליונה לאשפוז ובריאות,"קופ""ח: מרפאה",08-8589888,זבוטינסקי 22,קרית מלאכי
46433,מרפאת קרית שמונה מרכז - ש.ב.כ,מרפאה ראשונית,רשות עליונה לאשפוז ובריאות,"קופ""ח: מרפאה",04-6958842,ארלוזורוב,קרית שמונה
291473,קופת חולים לאומית קרני שומרון,מרפאה מקומית,רשות עליונה לאשפוז ובריאות,"קופ""ח: מרפאה",09-7940200,1      הקוממיות,קרני שומרון
290240,מרפאת כללית ראש העין,מרפאה,רשות עליונה לאשפוז ובריאות,"קופ""ח: מרפאה",03-9385700,"8      צה""ל",ראש העין
628156,קופת חולים לאומית מרפאת רחובות,"שרות אמבולטורי 5,500 מבוטחים",רשות עליונה לאשפוז ובריאות,"קופ""ח: מרפאה",08-9377800,"2      ביל""ו",רחובות
628342,קופת חולים מכבי מרפאת רחובות,שרות אמבולטורי,רשות עליונה לאשפוז ובריאות,"קופ""ח: מרפאה",08-9360333,27     סמילנסקי,רחובות
56831,מרפאת רכסים - ש.ב.כ,מרפאה ראשונית,רשות עליונה לאשפוז ובריאות,"קופ""ח: מרפאה",04-6641025,40     סביון,רכסים
290715,מרפאת כללית מוריה,שרות אמבולטורי,רשות עליונה לאשפוז ובריאות,"קופ""ח: מרפאה",09-5401064,31     מוריה,רמת השרון
46210,מרפאת רמת ישי - ש.ב.כ,מרפאה ראשונית,רשות עליונה לאשפוז ובריאות,"קופ""ח: מרפאה",04-9038200,הארז   12,רמת ישי
290716,מרפאת כללית שועלי,שרות אמבולטורי,רשות עליונה לאשפוז ובריאות,"קופ""ח: מרפאה",09-7477979,8      יפה אליעזר,רעננה
46314,מרפאת  שימשית - ש.ב.כ.,מרפאה ראשונית,רשות עליונה לאשפוז ובריאות,"קופ""ח: מרפאה",04-6021999,מעיינות 3 מ.א. עמק יזרעאל,שמשית
56522,מרפאת שעב - ש.ב.כ.,מרפאה ראשונית,רשות עליונה לאשפוז ובריאות,"קופ""ח: מרפאה",04-9883823,,שעב
45913,קופת חולים מאוחדת סניף שפרעם,מרפאה אזורית,רשות עליונה לאשפוז ובריאות,"קופ""ח: מרפאה",04-9058888, רח' 404,שפרעם
628834,קופת חולים כללית-תל שבע,"טיפול אמבולטורי 11,100 מבוטחים",רשות עליונה לאשפוז ובריאות,"קופ""ח: מרפאה",08-6268888,ת.ד. 7,תל שבע
577500,הוט,"שירותי תקשורת מבוססת כבל (אינטרנט, טלפוניה, טלווזיה)",משרד התקשורת,קבוצת תקשורת,077-7077000,א. ת. יקום-יורופארק,יקום
815400,"אמ אקס וואן בע""מ",שירותי לוויין ואתר חליפי לחברת YES,משרד התקשורת,תקשורת לווינית,02-9904422,עמק האלה תחנת לווינים,מ.א. מטה יהודה
829900,פי. אייץ. אי (phi (2015,שרות  תקשורת סלולרי,משרד התקשורת,תפעול אתרי קצה,072-3403363,3      הנגב,מ.א. חבל מודיעין
872900,"ביפר תקשורת ישראל בע""מ","מכירה, השכרה ותפעול של אתרי רדיו וציוד קצה",משרד התקשורת,תפעול אתרי קצה,03-6100064,147    ביאליק,רמת גן
873701,מד-1(1999)-טירת הכרמל,שירותי ענן ואחסון שרתים,משרד התקשורת,שירותי ענן ואחסון שרתים,04-8563300,4      כרמלים,טירת הכרמל
873702,מד-1(1999( - הירקון,שירותי ענן ואחסון שרתים,משרד התקשורת,שירותי ענן ואחסון שרתים,03-5241246,116    הירקון,תל אביב-יפו
873703,מד-1 (1999( -פתח תקוה,שירותי ענן ואחסון שרתים,משרד התקשורת,שירותי ענן ואחסון שרתים,03-9183101,94     זבוטינסקי,פתח תקוה
957900,"חלל תקשורת בע""מ",מתן שרותי תקשורת לווינית באמצעות לווייני עמוס,משרד התקשורת,תקשורת לווינית,03-7551000,7      דרך בגין מנחם,רמת גן
294700,איגודן לתשתיות איכות הסביבה,טיפול בשפכים,רשות המים והביוב,"מט""ש",03-7914500,218    אבן גבירול,תל אביב-יפו
300200,"שח""מ מקורות ביצוע בע""מ","חברת הביצוע של מקורות - אחזקה, הקמה והולכה של מים",רשות המים והביוב,מקורות - יח' ביצוע,03-5572601,1      הפלד,חולון
300305,"מקורות מרחב מרכז-יחידת שפד""ן",טיפול בשפכים,רשות המים והביוב,"מקורות - מט""ש",03-9612756,"שפד""ן",ראשון לציון
300701,"משה בוצן (ביוב ואחזקה) בע""מ","צוות אחזקת תשתיות מים וביוב, חלוקת מים בנתניה וישובים נוספים",רשות המים והביוב,קבלן תשתיות מים וביוב + הובלת מים,09-8855541,9      בר כוכבא,נתניה
300704,"שלום בנימין ובניו בע""מ",אחזקת תשתיות מים וביוב והובלת מיכלי מים,רשות המים והביוב,קבלן תשתיות מים וביוב + הובלת מים,09-8628421,8      גורדון,נתניה
301001,ע.ר. יצחקי בע''מ,אחזקת תשתיות מים ווביוב,רשות המים והביוב,קבלן תשתיות מים וביוב,09-9588548,22     בן גוריון,הרצליה
301301,"חמאיסה עבדאללה בע""מ",אחזקת תשתיות מים וביוב,רשות המים והביוב,קבלן תשתיות מים וביוב,050-3515527,114    ראשי,כפר כנא
301402,"‎ ‎מ‎""‎חלא צנרת ופיתוח בע‎‎‎‎‎‎‎‎‎‎‎‎‎‎‎‎‎‎‎‎‎‎‎‎‎‎",אחזקת תשתיות מים וביוב,רשות המים והביוב,קבלן תשתיות מים וביוב,09-8800213,משולש,טייבה
301702,"אשד בע""מ ",אחזקת תשתיות מים וביוב,רשות המים והביוב,קבלן תשתיות מים וביוב,03-5587011,הנפח 7,חולון
301801,"☐.B.O.T בע""מ",אחזקת תשתיות מים וביוב ותחנות שאיבה,רשות המים והביוב,קבלן תשתיות מים וביוב,08-9348693,134,גני הדר
301803,"מגנזי תשתיות בע""מ",אחזקת תשתיות מים וביוב,רשות המים והביוב,קבלן תשתיות מים וביוב,08-9734441,השדרה המרכזית,מודיעין
303002,"‎ ‎מ‎""‎הנדסת מים בע‎ .‎י‎.‎ע‎‎‎‎‎‎‎‎‎‎‎‎‎‎‎‎‎‎‎‎‎‎",אחזקת תשתיות מים וביוב,רשות המים והביוב,קבלן תשתיות מים וביוב,03-9247974,אפעל 26,פתח תקווה 
303802,סנוגיט שירותים וטכנולגית מים,"תחזוקת בארות מים: חשמל, משאבות",רשות המים והביוב,קבלן תשתיות מים,09-7700205,18     הזמיר,רעננה
303804,"‎ ‎מ‎""‎חכמון גבאי בע‎‎‎‎‎‎‎‎‎‎‎‎‎‎‎‎‎‎‎‎‎‎‎‎‎‎",אחזקת תשתיות מים וביוב,רשות המים והביוב,קבלן תשתיות מים וביוב,09-8610416,דרך הרכבת 4,נתניה
304101,"דרך חדשה בתנועה בע""מ","אחזקת תשתיות מים וביוב, הובלת מיכלי מים",רשות המים והביוב,קבלן תשתיות מים וביוב + הובלת מים,03-9031866,6      היצירה,ראש העין
505601,"מים ותשתיות ניהול הנדסה בע""מ",אחזקת תשתיות מים וביוב,רשות המים והביוב,קבלן תשתיות מים וביוב,02-6761980,10     הרב ברמן יעקב,ירושלים
804800,"ג.ז. ניסנית בע""מ",אחזקת תשתיות מים וביוב למועצה אזורית ברנר ונס ציונה,רשות המים והביוב,קבלן תשתיות מים וביוב,,חלוצי התשיה 14,קרית מלאכי
809801,"א.ד. אחים אדרי בע""מ",אחזקת תשתיות מים וביוב,רשות המים והביוב,קבלן תשתיות מים וביוב,08-9224457,87,ישרש
812600,"‎ ‎מ‎""‎פלגי מים בע‎‎‎‎‎‎‎‎‎‎‎‎‎‎‎‎‎‎‎‎‎‎‎‎‎‎","תחזוקה ואחזקה של מט""שים, תחנות שאיבה ביוב ומתקני מים",רשות המים והביוב,קבלן תשתיות ביוב,04-6678400,מ.א. מגידו,מ.א. מגידו
833800,"שלמה חביב בע""מ",אחזקת תשתיות מים וביוב למספר תאגידים שונים,רשות המים והביוב,קבלן תשתיות מים וביוב,04-6721261,100    הירדן,טבריה
841201,"מאירי ובניו בע""מ",אחזקת תשתיות מים וביוב,רשות המים והביוב,קבלן תשתיות מים וביוב,03-9221017,4      חפץ חיים,פתח תקוה
881604,"אילן בדני בע""מ",אחזקת מים וביוב לבאר יעקב ואגודות מים מקומיות,רשות המים והביוב,קבלן תשתיות מים וביוב,09-7451551,19     העליה,הוד השרון
882802,"אברהמי יואב ובניו בע""מ",אחזקת תשתיות מים וביוב,רשות המים והביוב,קבלן תשתיות מים וביוב,08-8582533,,זרחיה
882803,"יצ-אר בע""מ",קבלן תשתיות מים וביוב לתאגיד תמר,רשות המים והביוב,קבלן תשתיות מים וביוב,,הירדן 6,ישרש
889000,מכון טיהור איילון,טיפול בשפכים,רשות המים והביוב,"מט""ש",073-23229200,"ע""י נשר",מ.א. גזר
894400,"מפעלי ביוב וטיהור ירושלים בע""מ",טיפול בשפכים,רשות המים והביוב,"מט""ש",02-6337637,ת.ד. 18004,מבשרת ציון
908200,איגוד ערים איזור חיפה - ביוב,"קליטת שפכים של עד 106,000 מ""ק/יום.",רשות המים והביוב,"מט""ש",04-8410681,האשלג,חיפה
923101,"י.א.ד.י.ב הנדסה קבלנית בע""מ",אחזקת תשתיות מים,רשות המים והביוב,קבלן תשתיות מים,,"16     התע""ש",כפר סבא
978200,ג'י.איי.אס גלובל נוירומנטל,תפעול ואחזקה של מתקני מים וביוב ברחבי הארץ,רשות המים והביוב,קבלן תשתיות מים וביוב,04-9876110,אזור תעשיהעכו,עכו
846612,מ.יוחננוף ובניו סניף גן יבנה,סניף מזון,רשות המזון,רשת שיווק,,57    דרך מנחם בגין המגנים,גן יבנה
846609,מ.יוחננוף ובניו סניף נתיבות,סניף מזון,רשות המזון,רשת שיווק,,2     בעלי המלאכה,נתיבות
365402,שופרסל יש אלעד,סניף מזון,רשות המזון,רשת שיווק,03-9331638,79     רבנו ניסים גאון,אלעד
365411,שופרסל דיל באר טוביה,סניף מזון,רשות המזון,רשת שיווק,08-8601119,אזור תעשיה באר טוביה,באר טוביה
365420,שופרסל שלי גבעת שמואל,סניף מזון,רשות המזון,רשת שיווק,03-5323093,18     בן גוריון,גבעת שמואל
365439,שופרסל דיל צור יגאל,סניף מזון,רשות המזון,רשת שיווק,09-7492999,צור יגאל,כוכב יאיר
365482,שופרסל שלי מזכרת בתיה,סניף מזון,רשות המזון,רשת שיווק,08-9351081,2      שד בגין מנחם,מזכרת בתיה
365525,שופרסל דיל קרית גת,סניף מזון,רשות המזון,רשת שיווק,08-6880699,178    שד מלכי ישראל,קרית גת
365526,שופרסל שלי פרדסיה,סניף מזון,רשות המזון,רשת שיווק,09-8946751,1      שד הנשיא,פרדסיה
365527,שופרסל ביג אורות,סניף מזון,רשות המזון,רשת שיווק,04-8396922,קניון אורות,אור עקיבא
365529,שופרסל דיל זכרון יעקב המייסדים ,סניף מזון,רשות המזון,רשת שיווק,-6390059,הדגן 2,זכרון יעקב
365533,שופרסל דיל עמק חפר,סניף מזון,רשות המזון,רשת שיווק,04-6247773,המזח 11 פארק תעשיות,מ.א. עמק חפר
365543,שופרסל דיל תל חנן,סניף מזון,רשות המזון,רשת שיווק,04-8209401,147    דרך בר יהודה,נשר
365559,שופרסל שלי קרית ים,סניף מזון,רשות המזון,רשת שיווק,04-8754871,29     שד ירושלים,קרית ים
365571,שופרסל טבעון יהודה הנשיא,סניף מזון,רשות המזון,רשת שיווק,04-9831249,יהודה הנשיא,קרית טבעון
365575,שופרסל דיל כפר תבור,סניף מזון,רשות המזון,רשת שיווק,04-6767186,מרכז מסחרי חדש,כפר תבור
365586,שופרסל אקספרס גבעת עדה,סניף מזון,רשות המזון,רשת שיווק,,"67     ח""י",גבעת עדה
365589,שופרסל דיל מעלות,סניף מזון,רשות המזון,רשת שיווק,04-9977584,נרקיס עוזי,מעלות-תרשיחא
365590,שופרסל שלי תל מונד,סניף מזון,רשות המזון,רשת שיווק,-6556177,49     הדקל,תל מונד
365593,שופרסל דיל חצור הגלילית,סניף מזון,רשות המזון,רשת שיווק,04-6931835,צומת חצור-קניון,חצור הגלילית
365594,שופרסל שלי בנימינה,סניף מזון,רשות המזון,רשת שיווק,,1      הגביע,בינימינה
365598,שופרסל דיל קצרין,סניף מזון,רשות המזון,רשת שיווק,04-6850519,קניון חוצות הגולן,קצרין
365604,שופרסל דיל מזרעה,סניף מזון,רשות המזון,רשת שיווק,04-6905225,"מרכז ""חאמד סנטר""",מזרעה
365606,שופרסל דיל בית שאן,סניף מזון,רשות המזון,רשת שיווק,-6581378,השחם,בית שאן
365607,שופרסל שלי כפר ורדים,סניף מזון,רשות המזון,רשת שיווק,04-9978018,מרכז מסחרי,כפר ורדים
365608,שופרסל דיל קרית שמונה,סניף מזון,רשות המזון,רשת שיווק,,מתחם ביג,קרית שמונה
365619,שופרסל אקספרס,סניף מזון,רשות המזון,רשת שיווק,,,סביון
365623,שופרסל אקספרס הפרחים,סניף מזון,רשות המזון,רשת שיווק,,38     דרך הפרחים,גדרה
856501,שופרסל  שלי מיתר,סניף מזון,רשות המזון,רשת שיווק,08-6203777,מרכז מסחרי מיתר,מיתר
856504,שופרסל דיל אופקים,סניף מזון,רשות המזון,רשת שיווק,08-9963944,ז'בוטיסקי  52,אופקים
856513,שופרסל שלי עומר,סניף מזון,רשות המזון,רשת שיווק,08-6460460,1      רותם,עומר
856518,שופרסל דיל דימונה,סניף מזון,רשות המזון,רשת שיווק,08-6555454,1      שד גולדה מאיר,דימונה
856519,שופרסל דיל ירוחם,סניף מזון,רשות המזון,רשת שיווק,08-6580346,בורנשטיין צבי,ירוחם
856520,שופרסל דיל מצפה רמון,סניף מזון,רשות המזון,רשת שיווק,08-6588406,מרכז מסחרי חדש,מצפה רמון
856523,שופרסל דיל רהט,סניף מזון,רשות המזון,רשת שיווק,08-9917184,מרכז מסחרי,רהט
856524,שופרסל דיל שדרות,סניף מזון,רשות המזון,רשת שיווק,08-6898767,קניון אחים פרץ,שדרות
856529,שופרסל שלי מבשרת ציון,סניף מזון,רשות המזון,רשת שיווק,,75     השלום,מבשרת ציון
856542,שופרסל דיל מישור אדומים,סניף מזון,רשות המזון,רשת שיווק,,2      נביעות,מעלה אדומים
856544,שופרסל יש ביתר עלית,סניף מזון,רשות המזון,רשת שיווק,,"6      הר""ן",ביתר עילית
899501,אלמשהדאווי קינגסטור-פוריידיס,סניף מזון,רשות המזון,רשת שיווק,,,פוריידיס
899502,אלמשהדאווי קינגסטור-קלאנסווה,סניף מזון,רשות המזון,רשת שיווק,,,קלנסווה
899503,אלמשהדאווי קינגסטור-זרזיר,סניף מזון,רשות המזון,רשת שיווק,,,זרזיר
899504,אלמשהדאווי קינגסטור-אום אל פחם,סניף מזון,רשות המזון,רשת שיווק,,,אום אל-פחם
899505,אלמשהדאווי קינגסטור-שפרעם,סניף מזון,רשות המזון,רשת שיווק,,,שפרעם
899506,אלמשהדאווי קינגסטור-דבוריה,סניף מזון,רשות המזון,רשת שיווק,,,דבוריה
342000,"טחנות קמח שטיבל באר שבע בע""מ","1) 1,000 טון חיטה ליממה
2)אחסנת מלאי קמח ממשלתי",רשות המזון,טחנת קמח,08-9551420,1      אודם  עד הלום,מ.א. באר טוביה
100500,"מאפית דוידוביץ ובניו בע""מ","1) לחם אחיד 11,000 לשעה
2)  לחמניות- 13,000 לשעה
3) מחזיק מלאי קמח ממשלתי",רשות המזון,מאפייה,04-8411507,בצרי יוסף,קרית אתא
811400,נגב גז טבעי דרום,אספקת גז טבעי,רשות הגז הטבעי,אספקת גז טבעי,,,משמר הנגב
450000,משרד החקלאות מטה,רשות עליונה,חקלאות,"מינהלה ושו""ט (שירותים וטרינריים)",03-9485613,דרך המכבים,ראשון לציון
260900,בית חולים שניידר,אשפוז נפגעים 216 מיטות,רשות עליונה לאשפוז ובריאות,"בי""ח",03-9253253,14     קפלן אליעזר,פתח תקוה
620200,"מרכז רפואי ע""ש יוספטל",65 מיטות אשפוז,רשות עליונה לאשפוז ובריאות,"בי""ח",08-6358075,דרך יותם,אילת
222700,"מד""א  מרחב איילון וכל סניפיו","מד""א מרחב איילון",רשות עליונה לאשפוז ובריאות,"מד""א: מרחב",03-9695360,102    זבוטינסקי,ראשון לציון
38800,מרכז רפואי שוהם- פרדס חנה,"בי""ח גריאטרי 954 מיטות",רשות עליונה לאשפוז ובריאות,"מר""ג",04-6375605,הנדיב,פרדס חנה-כרכור
517900,בית חולים הרצוג,85 מיטות פסיכוטריות 223 גריאטר,רשות עליונה לאשפוז ובריאות,"מר""ג",02-5316816,גבעת שאול,ירושלים
289600,"חמ""ל בריאות לאומי",הפעלה ארצית של כל שירותי הבריאות,רשות עליונה לאשפוז ובריאות,מטה,03-6932323,119    אלון יגאל,תל אביב-יפו
138600,"חברת נמל חיפה בע""מ",שרותי נמל,רשות הספנות והנמלים,נמל,04-8518371,נמל חיפה,חיפה
415000,"חברת נמל אשדוד בע""מ",שרותי נמל,רשות הספנות והנמלים,נמל,08-8517649,נמל אשדוד,אשדוד
137301,חברת נמלי ישראל,"1) ניהול מערכת תס""ק ים ונכסים בנמלים ובעורף הנמלים 
2) ניהול חברות מחלקות הים",רשות הספנות והנמלים,"נכסים, מערכות ניהול ממוחשבות ומחלקות ים",03-5657973,74     דרך בגין,תל אביב-יפו
137300,"משרד התחבורה רספ""ן בשע""ח",רשות ארצית לספנות ונמלים,רשות הספנות והנמלים,מטה,04-8632097,"15     פלי""ם",חיפה
864100,סלקום ישראל בע''מ,"שירותי סלולר (רט""ן)",משרד התקשורת,קבוצת תקשורת,09-8607911,10     הגביש,נתניה
864200,"פלאפון תקשורת בע""מ",שירותי תקשורת סלולרית,משרד התקשורת,תקשורת סלולרית,050-7078955,33     דרך יצחק רבין,גבעתיים
864600,חברת פרטנר תקשורת בע''מ,"שירותי סלולר, מפ""א, רט""ן, טלוויזיה ואינטרנט",משרד התקשורת,קבוצת תקשורת,054-7812763,8      עמל,ראש העין
872800,"הוט מובייל בע""מ",שירות לטלפון סלולרי,משרד התקשורת,תקשורת סלולרית,057-9036756,א.ת. פארק יקום,יקום
898900,"גולן טלקום בע""מ",שרות  תקשורת סלולרי,משרד התקשורת,תקשורת סלולרית,052-2499372,98     אלון יגאל,תל אביב-יפו
60100,מקורות מרחב הצפון - מטה המרחב,ניהול תיקון התשתיות ואספקת מים לצרכנים במרחב,רשות המים והביוב,מקורות - מטה,04-8350482,ע. טובים,חיפה
66300,מקורות מרחב חבל הירדן (המוביל הארצי),ניהול תיקון התשתיות ואספקת מים לצרכנים,רשות המים והביוב,מקורות - מטה,04-6500500,ת.ד.  610,נוף הגליל
300100,מקורות מטה החברה,הפקת והולכת מים,רשות המים והביוב,מקורות - מטה,03-6230677,9      לינקולן,תל אביב-יפו
300300,מקורות מרחב מרכז-מטה המרחב,ניהול מרחב מרכז של חב' מקורות,רשות המים והביוב,מקורות - מטה,08-9271525,10     היצירה,רמלה
300700,"תאגיד המים מי נתניה בע""מ",אספקת מים ופינוי שפכים לתושבי נתניה,רשות המים והביוב,תאגיד מים וביוב,09-8635000,4      הצורן,נתניה
300702,כץ איכות מים הדברה וחיטוי,דיגום וחיטוי תשתיות מים עבור מספר ספקי מים,רשות המים והביוב,דיגום וחיטוי,09-9552072,10     סוקולוב,הרצליה
300800,"יובלים בשומרון  2003 בע""מ",אספקת מים ופינוי שפכים לתושבי אריאל וקרני שומרון,רשות המים והביוב,תאגיד מים וביוב,03-9365661,6      המלאכה,אריאל
300900,"תאגיד המים מיתב פ""ת בע""מ","אספקת מים ופינוי שפכים לתושבי פתח תקווה, אלעד כפר ברא",רשות המים והביוב,תאגיד מים וביוב,03-9395578,7      העליה השניה,פתח תקוה
301000,"מניב ראשון בע""מ",אספקת מים ופינוי שפכים לתושבי ראשון לציון,רשות המים והביוב,תאגיד מים וביוב,03-9483222,112    זבוטינסקי,ראשון לציון
301002,לוגסי גולן הח' לאיכות הסביבה,"דיגום וחיטוי תשתיות מים, אחזקת תשתיות מים וביוב",רשות המים והביוב,דיגום וחיטוי,08-6886203,7      שד לכיש,קרית גת
301100,"יובלים אשדוד בע""מ","מתן שירות אספקת מים, סילוק ביוב ותיקון תשתיות מים וביוב לתושבי אשדוד",רשות המים והביוב,תאגיד מים וביוב,08-8544333,18     אורט,אשדוד
301200,"מי קריית גת בע""מ","מתן שירות אספקת מים, סילוק ביוב ותיקון תשתיות מים וביוב לתושבי קרית גת",רשות המים והביוב,תאגיד מים וביוב,08-6883468,5      שד לכיש,קרית גת
301300,"מי ברק בע""מ",אספקת מים ופינוי שפכים לתושבי בני ברק,רשות המים והביוב,תאגיד מים וביוב,073-2211050,168    זבוטינסקי,בני ברק
301400,שרונים-מפעלי מים וביוב בע''מ,אספקת מים ופינוי שפכים לתושבי רמת השרון,רשות המים והביוב,תאגיד מים וביוב,077-5154600,5      אוסישקין,רמת השרון
301500,"מי מודיעין בע""מ","אספקת מים ופינוי שפכים לתושבי מודיעין, מכבים רעות",רשות המים והביוב,תאגיד מים וביוב,08-8613302,"קניון עזריאלי, לב העיר 14",מודיעין
301600,"מי הרצליה בע""מ",אספקת מים ופינוי שפכים לתושבי הרצליה,רשות המים והביוב,תאגיד מים וביוב,09-9710800,2      בן גוריון,הרצליה
301700,"מי שיקמה בע""מ","אספקת מים ופינוי שפכים לתושבי חולון, אור יהודה, בית דגן ואזור",רשות המים והביוב,תאגיד מים וביוב,072-2461000,40     פרופ שור,חולון
301800,"מי לוד בע""מ",אספקת מים ופינוי שפכים לתושבי  לוד,רשות המים והביוב,תאגיד מים וביוב,08-9543000,18     סילבר אבא הלל,לוד
301900,"מי ציונה בע""מ","אספקת מים ופינוי שפכים לתושבי נס ציונה, מזכרת בתיה וקרית עקרון",רשות המים והביוב,תאגיד מים וביוב,180-800987,53     האירוסים,נס ציונה
303000,"מי אביבים 2010 בע""מ",אספקת מים ופינוי שפכים לתושבי תל אביב,רשות המים והביוב,תאגיד מים וביוב,03-7736166,37     שד שאול המלך,תל אביב-יפו
303100,"מי רעננה בע""מ",אספקת מים ופינוי שפכים לתושבי רעננה,רשות המים והביוב,תאגיד מים וביוב,072-2772760,56     אחוזה,רעננה
303200,מי בת-ים -תאגיד מים וביוב בע'מ,אספקת מים ופינוי שפכים לתושבי בת ים בשנה,רשות המים והביוב,תאגיד מים וביוב,03-5552106,רוטשילד 29,בת ים
303300,מי גבעתיים מפעלי מים וביוב בע',אספקת מים ופינוי שפכים לתושבי גבעתיים,רשות המים והביוב,תאגיד מים וביוב,03-5710857,1      כורזין,גבעתיים
303400,"מעיינות השרון בע""מ","אספקת מים ופינוי שפכים לתושבי הרשויות המקומיות: אבן יהודה, כפר יונה, פרדסיה, קדימה צורן, ותל מונד",רשות המים והביוב,תאגיד מים וביוב,09-8913583,3      העצמאות,אבן יהודה
303500,"מי אשקלון תאגיד המים בע""מ","מתן שירות אספקת מים, סילוק ביוב ותיקון תשתיות מים וביוב לתושבי אשקלון ונתיבות",רשות המים והביוב,תאגיד מים וביוב,08-6793000,אבן עזרא 35,אשקלון
303600,מי אונו קריית אונו-יהוד-מונסון,אספקת מים ופינוי שפכים לתושבי קרית אונו ויהוד- מונסון,רשות המים והביוב,תאגיד מים וביוב,03-7160160,43     רבין יצחק,קרית אונו
303700,"מי יבנה בע""מ",אספקת מים ופינוי שפכים לתושבי יבנה וגן יבנה,רשות המים והביוב,תאגיד מים וביוב,08-9332000,20     שד דואני,יבנה
303800,"מי הוד השרון בע""מ",אספקת מים ופינוי שפכים לתושבי הוד השרון,רשות המים והביוב,תאגיד מים וביוב,09-7707555,14     הבנים,הוד השרון
303900,"תאגיד פלגי שרון בע""מ","אספקת מים ופינוי שפכים לתושבי כוכב יאיר וצור יגאל,
תחזוקת תשתיות ביוב בלבד של כפר סבא",רשות המים והביוב,תאגיד מים וביוב,09-7655521,"22     התע""ש",כפר סבא
304100,"תאגיד מים עין אפק בע""מ",אספקת מים ופינוי שפכים לתושבי ראש העין,רשות המים והביוב,תאגיד מים וביוב,073-7151150,11 ‎ ‎העבודה‎‎‎‎‎‎‎‎‎‎‎‎‎‎‎‎‎‎‎‎,ראש העין
304200,"תאגיד מעיינות המשולש בע""מ","אספקת מים ופינוי שפכים לתושבי טירה, כפר קאסם, ג'לג'וליה",רשות המים והביוב,תאגיד מים וביוב,09-7938815,המוביל 51,טירה
304300,מי רמת גן  - תאגיד תשתית מים,"אספקת מים ופינוי שפכים לתושבי ר""ג",רשות המים והביוב,תאגיד מים וביוב,03-5651400,14     דרך אבא הלל,רמת גן
308300,"מימי הדרום והמרכז בע""מ","אספקת מים ופינוי שפכים לתושבי המגזר הכפרי: מועצה אזורית גזר, שדות דן ומושבים נוספים",רשות המים והביוב,אחזקת תשתיות מים במגזר הכפרי,08-9220348,130    שד הרצל,רמלה
503870,מימי מבואות ירושלים,אספקת מים ופינוי שפכים לתושבי המגזר הכפרי (מטה יהודה),רשות המים והביוב,אחזקת תשתיות מים במגזר הכפרי,02-9911679,הרטוב,בית שמש
505600,הגיחון מפעלי מים וביוב ירושלים,"אספקת מים ופינוי שפכים לתושבי ירושלים, מבשרת ציון ואבו גוש",רשות המים והביוב,תאגיד מים וביוב,02-5651121,101    דרך חברון,ירושלים
634000,מקורות חברת המים מרחב דרום,ניהול תיקון התשתיות ואספקת מים לצרכנים במרחב,רשות המים והביוב,מקורות - מטה,08-6789668,32     אורט,אשקלון
808000,"דגן אבינועם בע""מ",אספקת מים ופינוי שפכים לתושבי המגזר הכפרי - נחל שורק ובקרית גת,רשות המים והביוב,אחזקת תשתיות מים במגזר הכפרי,,,בני ראם
809800,‎ ‎תאגיד המים והביוב פלגי מוצקין‎‎‎‎‎‎‎‎‎‎‎‎‎‎‎‎‎‎‎‎‎‎‎‎‎‎‎‎,"מתן שירות אספקת מים ותיקון תשתיות מים וביוב לתןשבי קרית מוצקין, רכסים, דליית אל כרמל ועוספייא",רשות המים והביוב,תאגיד מים וביוב,04-8807001,12 ‎ ‎החשמונאים‎‎‎‎‎‎‎‎‎‎‎‎‎‎‎‎‎‎‎‎,‎ ‎קרית מוצקין‎‎‎‎‎‎‎‎‎‎‎‎‎‎‎
819700,תאגיד מים הבאר השלישית,אספקת מים ופינוי שפכים לתושבי רחובות,רשות המים והביוב,תאגיד מים וביוב,08-9392490,2 ‎ ‎בילו‎‎‎‎‎‎‎‎‎‎‎‎‎‎‎‎‎‎‎‎,רחובות
830500,"אקובית בע""מ","אספקת מים ופינוי שפכים לתושבי המגזר הכפרי - איו""ש (מטה בנימין)",רשות המים והביוב,אחזקת תשתיות מים במגזר הכפרי,02-9922338,פרדס רימונים  343,כוכב יעקב
830900,ימים תאגיד המים והביוב ק.ים,מתן שירות אספקת מים ותיקון תשתיות מים וביוב לתושבי קרית ים,רשות המים והביוב,תאגיד מים וביוב,04-9116765,משה שרת 10,קרית ים
833500,"מי רהט בע""מ","מתן שירות אספקת מים, סילוק ביוב ותיקון תשתיות מים וביוב לתושבי רהט ופזורה בדואית",רשות המים והביוב,תאגיד מים וביוב,08-6707070,מרכז מסחרי,רהט
833600,"נווה מדבר תאגיד מים בע""מ","מתן שירות אספקת מים, סילוק ביוב ותיקון תשתיות מים וביוב לתושבי לקיה, כסייפה, ערערה בנגב, תל שבע, שגב שלום, חורה ",רשות המים והביוב,תאגיד מים וביוב,08-6230758,47     העצמאות,באר שבע
840700,תאגיד מי תקווה בע''מ,אספקת מים ופינוי שפכים לתושבי גני תקווה,רשות המים והביוב,תאגיד מים וביוב,03-5310858,48     הגליל,גני תקווה
841000,"מי עכו בע""מ",מתן שירות אספקת מים ותיקון תשתיות מים וביוב לתושבי עכו,רשות המים והביוב,תאגיד מים וביוב,04-9819063,57     דרך הארבעה,עכו
845800,מעיינות החוף,מתן שירות אספקת מים ותיקון תשתיות מים וביוב לתושבי קרית ביאליק וטירת הכרמל,רשות המים והביוב,תאגיד מים וביוב,073-2331000,7      שד המייסדים,קרית ביאליק
849700,תאגיד המים וביוב אלעין,"מתן שירות אספקת מים ותיקון תשתיות מים וביוב לתושבי אלעין, ירכא,ג'וליס, אבו סנאן, ג'דידה-מכר, כפר יאסיף, מזרעה, יאנוח-ג'ת",רשות המים והביוב,תאגיד מים וביוב,04-9562358,,כפר יאסיף
857200,מי שמש - תאגיד המים של בית שמש,אספקת מים ופינוי שפכים לתושבי בית שמש,רשות המים והביוב,תאגיד מים וביוב,02-5454200,1      אלון יגאל,בית שמש
869400,"מי כרמל בע""מ",מתן שירות אספקת מים ותיקון תשתיות מים וביוב לתושבי חיפה,רשות המים והביוב,תאגיד מים וביוב,04-8685883,הרץ היינריך 18,חיפה
875700,מעיינות אתא,מתן שירות אספקת מים ותיקון תשתיות מים וביוב לתושבי קרית אתא,רשות המים והביוב,תאגיד מים וביוב,04-8301835,11     שלום עליכם,קרית אתא
876400,"עין כרמים בע""מ",מתן שירות אספקת מים ותיקון תשתיות מים וביוב לתושבי כרמיאל,רשות המים והביוב,תאגיד מים וביוב,04-6661964,2      מעלה כמון מתחם ביג,כרמיאל
876500,אגודת המים עמק הירדן,מתן שירות אספקת מים ותיקון תשתיות מים לתושבי ל-14 קיבוצים במ.א. דרום עמק הירדן ולשני יישובים בעמק המעיינות,רשות המים והביוב,אגודת מים,04-6774737,"מרכז תשתיות עמק הירדן, צמח
", מ.א. עמק הירדן
881600,רשות המים הנהלה,מטה של רשות המים,רשות המים והביוב,רשות המים,03-6369754,בנק ישראל 7,ירושלים
882500,"מי רקת טבריה בע""מ","מתן שירות אספקת מים ותיקון תשתיות מים וביוב לתושבי טבריה ,יבנאל, מגדל וכפר קמא",רשות המים והביוב,תאגיד מים וביוב,04-6653100,דרך גדוד ברק 100,טבריה
882800,"ת.מ.ר תאגיד מים אזורי בע""מ","אספקת מים ופינוי שפכים לתושבי רמלה, בני עייש, קרית מלאכי, גדרה",רשות המים והביוב,תאגיד מים וביוב,073-2903939,21     סוקולוב,רמלה
884600,קולחי הגלבוע-תאגיד לתשתיות זור,מתן שירות אחזקה וטיפול בתשתיות ביוב ושפכים; ושליטה באספקת מים חלופיים ליישובי מועצת הגלבוע,רשות המים והביוב,תאגיד קולחין,04-6400142,"מרכז יעל-תענ""ך",יעל
886900,"מעיינות זיו בע""מ","מתן שירות אספקת מים ותיקון תשתיות מים וביוב לתושבי מעלות-תרשיחא , כפר ורדים, שלומי, כסרא-סמיע  ",רשות המים והביוב,תאגיד מים וביוב,04-9579411,נרקיס עוזי,מעלות-תרשיחא
887000,"מי חדרה בע""מ",מתן שירות אספקת מים ותיקון תשתיות מים וביוב לתושבי חדרה,רשות המים והביוב,תאגיד מים וביוב,04-6122333,27     אלעזר דוד,חדרה
887900,"חברת קולחי גליל עליון בע""מ",מתן שירות אחזקה וטיפול בתשתיות ביוב ושפכים; ושליטה באספקת מים חלופיים ליישובי מועצת גליל עליון,רשות המים והביוב,תאגיד קולחין,04-6816654,ד.נ. גליל עליון,קרית שמונה
890200,פלג הגליל-החברה האזורית למים,"מתן שירות אספקת מים ותיקון תשתיות מים וביוב לתושבי צפת, חצור הגלילית, טובא זנגריה ,גוש חלב, יסוד המעלה, ראמה, מג'אר, פקיעין, פסוטה, חורפיש, עילבון, סאג'ור, בית ג'אן",רשות המים והביוב,תאגיד מים וביוב,04-6935440,"אזור תעשייה צח""ר",ראש פינה
903500,אפיקי  מים,מתן שירות אספקת מים ותיקון תשתיות מים  לתושבי מ.א עמק המעיינות,רשות המים והביוב,אגודת מים,04-6065871,מועצה אזורית עמק המעיינות,מ.א עמק המעינות
912400,"תאגיד מים וביוב עין נטפים בע""מ","מתן שירות אספקת מים, סילוק ביוב ותיקון תשתיות מים וביוב לתושבי אילת ולמפונים ומתפנים עצמאית",רשות המים והביוב,תאגיד מים וביוב,08-6370380,בית הארז,אילת
912600,"תאגיד המים והביוב מי שבע בע""מ","מתן שירות אספקת מים, סילוק ביוב ותיקון תשתיות מים וביוב לתושבי באר שבע ואופקים",רשות המים והביוב,תאגיד מים וביוב,08-9524400,57     ההסתדרות,באר שבע
923100,מפעל המים כפר סבא,אספקת מים ופינוי שפכים לתושבי כפר סבא,רשות המים והביוב,מפעל מים (קטגוריה של תאגיד מים),09-7634300,135    ויצמן,כפר סבא
924800,"התנור תאגיד מים וביוב בע""מ","מתן שירות אספקת מים ותיקון תשתיות מים וביוב לתושבי קריית שמונה, מטולה, קצרין, מג'דל שמס, מסעדה , בוקעאתא, עין קיניא",רשות המים והביוב,תאגיד מים וביוב,04-6816888,106    שד תל חי,קרית שמונה
949800,תאגיד מים ביוב כפרי גליל תחתון,"מתן שירות אספקת מים ותיקון תשתיות מים וביוב לתושבי כפר כנא, משהד, טורעאן, בועינה-נוג'ידאת, דבורייה, שיבלי-אום אלע'נם, עין מאהל",רשות המים והביוב,תאגיד מים וביוב,04-8886091,מרכז הכפר,כפר כנא
949900,"""מי נעם"" חב מים והביוב האזורית","מתן שירות אספקת מים ותיקון תשתיות מים וביוב לתושבי נצרת עילית, עפולה, מגדל העמק",רשות המים והביוב,תאגיד מים וביוב,04-6464172,16 מעלה יצחק,נצרת עילית
974900,"מעיינות העמקים בע""מ","מתן שירות אספקת מים ותיקון תשתיות מים וביוב לתושבי יקנעם, קרית טבעון , רמת-ישי וזכרון יעקב",רשות המים והביוב,תאגיד מים וביוב,04-8569609,9      שד יצחק רבין,יקנעם עילית
975100,תאגיד הרי נצרת מפעלי מים וביוב,"מתן שירות אספקת מים ותיקון תשתיות מים וביוב לתושבי נצרת,ריינה, יפיע , אכסאל ועילוט",רשות המים והביוב,תאגיד מים וביוב,04-6085925,רואוס אל-גיבאל,נצרת
979300,תאגיד מעיינות הדרום,"מתן שירות אספקת מים, סילוק ביוב ותיקון תשתיות מים וביוב לתושבי דימונה, ירוחם, מצפה רמון, ערד ופזורה בדואית",רשות המים והביוב,תאגיד מים וביוב,08-6227976,ככר ז'בוטיסקי 1,דימונה
979400,תאגיד מי עירון,"מתן שירות אספקת מים ותיקון תשתיות מים וביוב לתושבי אום אל פחם, באקה אל גרביה, כפר קרע, ג'ת המשולש, ערערה, מעלה עירון, זמר, טייבה",רשות המים והביוב,תאגיד מים וביוב,04-9111264,עמארת אלפנאר - כביש ראשי,אום אל-פחם
979900,תאגיד מי הגליל,"מתן שירות אספקת מים ותיקון תשתיות מים וביוב לתושבי סחנין, עראבה, דייר חנא, נחף, בענה, דיר אלאסד, ומגד אלכרום",רשות המים והביוב,תאגיד מים וביוב,04-8118111,רח אלפל  16,סח'נין
982300,תאגיד סובב שפרעם,"מתן שירות אספקת מים ותיקון תשתיות מים וביוב לתושבי שפרעם, טמרה, כפר מנדא, אעבלין, כאבול, שעב, בסמת טבעון, כעביה, כאוכאב אלהיג'א, זרזיר",רשות המים והביוב,תאגיד מים וביוב,04-6639000,מרכז מסחרי סמארה,שפרעם
649000,"תנובה - מרלו""ג דרום",שיווק מוצרי חלב,רשות המזון,אחסון ושיווק חלב,08-8613402,2      עומר פינת תנובה,באר טוביה
344600,תנובה מחלבת רחובות,1 מיליון ליטר חלב ל-24 ש',רשות המזון,מחלבה ומוצרי חלב,08-9444149,2      פניגר יצחק,רחובות
845900,"נובל אנרג'י מדיטרניאן בע""מ",ייצור ואספקת גז טבעי,רשות הגז הטבעי,אספקת גז טבעי,,אריק אינשטיין 1,הרצליה
933700,נתיבי גז טבעי לישראל,אספקת גז טבעי,רשות הגז הטבעי,אספקת גז טבעי,03-6270400," ראול ולנברג 36, קרית עתידים בניין 8",תל אביב-יפו
845901,נובל אנרג'י מתקן קבלה אשדוד,טיפול בגז הטבעי ואספקתו,רשות הגז הטבעי,אספקת גז טבעי,,אזור תעשיה,אשדוד
845903,נובל אנרג'י תמר (tamar),ייצור ואספקת גז טבעי,רשות הגז הטבעי,אספקת גז טבעי,,נמל אשדוד,אשדוד
98600,"דגון בתי ממגורות לישראל בע""מ",קיבולת 80000 טון גרעינים,חקלאות,מזון: מחסן,04-8664221,ככר פלומר,חיפה
32400,מרכז רפואי  זיו צפת,אשפוז נפגעים      376  מטות,רשות עליונה לאשפוז ובריאות,"בי""ח",04-6828825,,צפת
32500,"מרכז רפואי ע""ש ברוך פדה-פוריה",אשפוז נפגעים 316 מטות,רשות עליונה לאשפוז ובריאות,"בי""ח",04-6652652,פוריה,פוריה עילית
32700,"מרכז רפואי כרמל ע""ש ל.דייויס",אשפוז נפגעים 505 מטות,רשות עליונה לאשפוז ובריאות,"בי""ח",04-8250450,"7      מיכ""ל המשורר",חיפה
33500,מרכז רפואי בני ציון,אשפוז נפגעים     431 מיטות,רשות עליונה לאשפוז ובריאות,"בי""ח",04-8359424,47     שד גולומב אליהו,חיפה
807600,‎ ‎בית החולים האוניברסיטאי אסותא‎‎‎‎‎‎‎‎‎‎‎‎‎‎‎‎‎‎‎‎‎‎‎‎‎‎‎‎,"אשפוז נפגעים, 300 מיטות",רשות עליונה לאשפוז ובריאות,"בי""ח",,7 ‎ ‎הרפואה‎‎‎‎‎‎‎‎‎‎‎‎‎‎‎‎‎‎‎‎,אשדוד
260300,בית חולים לניאדו,"מיטות-טר'-☐,67ל.ט.-277",רשות עליונה לאשפוז ובריאות,"בי""ח",09-8604666,16     דברי חיים,נתניה
260800,מרכז רפואי וולפסון,"מיטות -טר'-☐, 190ל.ט-244",רשות עליונה לאשפוז ובריאות,"בי""ח",03-5028211,5      הלוחמים,חולון
261000,בית חולים מאיר,"מיטות- טר'-☐,177ל.ט.- 279",רשות עליונה לאשפוז ובריאות,"בי""ח",09-7472555,59     טשרניחובסקי,כפר סבא
261400,מרכז רפואי קפלן,"מיטות -טר'-☐, 201ל.ט -☐. 205",רשות עליונה לאשפוז ובריאות,"בי""ח",08-9441149,שכ חבצלת,רחובות
261500,מרכז רפואי ברזילי,"מיטות -טר'-☐,143ל.ט-212",רשות עליונה לאשפוז ובריאות,"בי""ח",08-6745555,1      ההסתדרות,אשקלון
261600,מרכז רפואי מעיני הישועה,בית חולים כללי,רשות עליונה לאשפוז ובריאות,"בי""ח",03-5771281,17     הרב פוברסקי,בני ברק
204900,משרד התקשורת,"ניהול מערך התקשורת לשע""ח",משרד התקשורת,מטה,03-5198171,9      אחד העם,תל אביב-יפו
66200,מקורות המעבדה לאיכות המים,בדיקת איכות המים,רשות המים והביוב,מעבדה,04-6500680,אתר אשכול-מול ק. חנתון,חנתון
300101,מקורות חברת ייזום,הפקת והולכת מים,רשות המים והביוב,מקורות - מטה,03-6334638,1      קרליבך,תל אביב-יפו
301701,"מפגש שמשון 95 בע""מ",טיפול בתחנות ביוב ושאיבת ביוב,רשות המים והביוב,קבלן תשתיות ביוב,02-9944544,‎ ‎אזור תעשיה הר טוב‎‎‎‎‎‎‎‎‎‎‎‎‎‎‎‎‎‎‎‎,בית שמש
841100,מ.גע.ר,מתן שרות לקוחות ואיוש חדר מצב של התאגידים,רשות המים והביוב,שירותים תומכים,03-9546000,5      בגין מנחם,בית דגן
841200,"מילגם שירותים לעיר בע""מ",מתן שירות לקוחות לספקי מים ואחזקת תשתיות מים וביוב,רשות המים והביוב,שירותים תומכים,03-9112222,49     הסיבים,פתח תקוה
865700,שמרלינג סינכרו הנדסת אנרגיה בע,אספקת ותחזוקת דיזל גנרטורים,רשות המים והביוב,שירותים תומכים,08-9210080,4      העבודה,רמלה
32300,"מרכז רפואי ע""ש ד""ר הלל יפה",אשפוז נפגעים 396 מיטות,רשות עליונה לאשפוז ובריאות,"בי""ח",04-6188331,הלל יפה,חדרה
32600,מרכז רפואי העמק,אשפוז נפגעים 562 מטות,רשות עליונה לאשפוז ובריאות,"בי""ח",04-6495131,שד רבין יצחק,עפולה
33000,המרכז הרפואי לגליל,אשפוז נפגעים  680  מיטות,רשות עליונה לאשפוז ובריאות,"בי""ח",04-9107138,כביש נהריה-מעונה,נהריה
260500,בית חולים תל השומר ע'ש דר שיבא,מיטות טראומה 530 לא טר'☐. 455,רשות עליונה לאשפוז ובריאות,"בי""ח",03-5303030,תל השומר,רמת גן
260700,"מרכז רפואי רבין בי""ח השרון",מיטות-טר'-☐.157ל.ט-151,רשות עליונה לאשפוז ובריאות,"בי""ח",03-9372372,7      קרן קימת לישראל,פתח תקוה
261100,המרכז הרפואי תל אביב,אשפוז נפגעים,רשות עליונה לאשפוז ובריאות,"בי""ח",03-6974444,6      ויצמן,תל אביב-יפו
261200,מרכז רפואי אסף הרופא,"מיטות -טראומה ☐,289ל.ט-316",רשות עליונה לאשפוז ובריאות,"בי""ח",08-9779999,דואר באר יעקב,באר יעקב
811200,איגוד האינטרנט הישראלי ,צומת האינטרנט הראשית של ישראל,משרד התקשורת,שירותי אינטרנט,03-9700908,ברקת 6,פתח תקוה
634004,מקורות יחידת אספקת מים ערבה,"הפקה ואספקת מים מותפלים לאזרחי הערבה ואילת, ולחקלאות",רשות המים והביוב,מקורות - יחידת מים + מתקן התפלה,08-6355550,אתר סבחה,אילת
32200,"מרכז רפואי רמב""ם",אשפוז נפגעים 1063 מיטות,רשות עליונה לאשפוז ובריאות,"בי""ח",04-7772213,העליה השניה,חיפה
260600,"מרכז רפואי רבין בי""ח בלינסון","מיטות-טר'-☐, 470ל.ט=☐. 377",רשות עליונה לאשפוז ובריאות,"בי""ח",03-9377377,100    זבוטינסקי,פתח תקוה
515200,"ביה""ח הדסה עין כרם",אשפוז נפגעים 1300 מיטות,רשות עליונה לאשפוז ובריאות,"בי""ח",02-6777125,עין כרם,ירושלים
515300,"ביה""ח שערי צדק",טיפול בחולים,רשות עליונה לאשפוז ובריאות,"בי""ח",02-6555111,12     בייט שמואל,ירושלים
515500,"ביה""ח הדסה הר הצופים","318 טרא', 110 לא טרא, סהכ 428",רשות עליונה לאשפוז ובריאות,"בי""ח",02-5844205,הר הצופים,ירושלים
515301,"ביה""ח שערי צדק - ביקור חולים",טיפול בחולים,רשות עליונה לאשפוז ובריאות,"בי""ח",,הנביאים,ירושלים
620400,"מרכז רפואי ע""ש סורוקה בנגב",1121 מיטות  693 טראומה,רשות עליונה לאשפוז ובריאות,"בי""ח",08-6400111,שד רגר יצחק,באר שבע
284700,מרכז שרותי הדם מגן דוד אדום,הספקת מנות דם ומוצרי דם,רשות עליונה לאשפוז ובריאות,בנק הדם,03-5300400,תל השומר,רמת גן
60101,"מקורות-יחידת אספקת מים ""עמקים""",הפקה ואספקת מים לצרכנים,רשות המים והביוב,מקורות - יחידת מים,04-8350482,טובים,חיפה
60102,"מקורות-יחידת אספקת מים ""גליל""",הפקה ואספקת מים לצרכנים,רשות המים והביוב,מקורות - יחידת מים,04-8350482,,ראש פינה
300302,"מקורות יח' אספקת מים ""ד-ירקון""",הפקה ואספקת מים לצרכנים,רשות המים והביוב,מקורות - יחידת מים,08-9271525,תל חי,רמלה
300303,"מקורות יח' אספקת מים ""צ-ירקון""",הפקה ואספקת מים לצרכנים,רשות המים והביוב,מקורות - יחידת מים,04-6378886,ת.ד. 5501 ליד הצומת,פרדס חנה-כרכור
634001,מקורות יח אספקת מים נגב צפוני,הפקה ואספקת מים לצרכנים,רשות המים והביוב,מקורות - יחידת מים,08-6620666,אתר שמחה,שדרות
634002,מקורות יח' אספקת מים נגב מרכזי,הפקה ואספקת מים לצרכנים,רשות המים והביוב,מקורות - יחידת מים,08-6207333,יצחק נפחא 408,באר שבע
293600,"האגף לבריאות הציבור של עיריית ת""א","בריאות המשפחה ובתי""ס תיכוניים",רשות עליונה לאשפוז ובריאות,שונות,03-5643403,14     בלפור,תל אביב-יפו
